:020000041028C2
:1000000000000C280D8A2810F18F2810218E28104E
:10001000F58F2810F98F2810FD8F281000000000A0
:10002000000000000000000000000000B18E281059
:100030000190281000000000059028100990281059
:10004000378528105D85281083852810A9852810FC
:10005000CF852810F58528101B862810418628108A
:100060000D90281011902810159028101990281024
:100070001D902810219028102590281029902810D4
:1000800040F0200070472DE9F14FB0B09246049146
:100090000DF142013A9A2B9199464A7000200AE0EC
:1000A0001AF8011B0498309A90470028049000F039
:1000B00034860D98401C0D909AF8000050B1252808
:1000C000EED1002100220791089209910A920B912A
:1000D0000C9204E00D9800F022BE41F001011AF8E4
:1000E000010F2028F9D023280CD02B2804D02D284C
:1000F00005D0302809D00BE041F00201EFE741F0D4
:100100000401ECE741F00801E9E741F01001E6E7FE
:100110002A280FD1D9F8002052F8040BC9F8002082
:1001200000280F9003D540420F9041F004010AF1DE
:10013000010A14E00F92DFF8EC3B0AE00F989842B6
:1001400005DA00EB800402EB4402303A0F920AF128
:10015000010A9AF80020A2F130000A28EED39AF89A
:1001600000002E2803D04FF0FF320E9229E01AF83B
:10017000010F2A2809D1D9F8000050F8042BC9F83A
:1001800000000E920AF1010A1BE02D280CBF0AF1B3
:10019000010A002000220E92DFF8884B0BE040B9E4
:1001A0000E9AA24205DA02EB820503EB4503303BCF
:1001B0000E930AF1010A9AF80030A3F130020A2ADC
:1001C000EDD3ADF840100FF660309AF8001000F053
:1001D000EDFE08B11AF8010B8DF842009DF84200BF
:1001E000682805D19AF8000068280CD1622106E041
:1001F0006C2804BF9AF800006C2804D171218DF896
:1002000042100AF1010A12A806901AF801BBBBF1CC
:1002100025012CD01C3900F09481091F022940F2DD
:100220009081133900F0AB84093900F08A81891E6E
:1002300000F04085491E00F0ED84491E022940F27D
:100240008081091F00F0E684491F00F0EF80491EFD
:1002500000F09584491E00F0D780C91E0CD0891E7D
:1002600000F08D84C91E00F08A8400F02EBD0123A9
:100270000793252100F026BDD9F8000050F8044B63
:10028000C9F80000002C059440F0AB802B99487809
:10029000002800F0A1804FF0FF340FF6942000F00A
:1002A00095FE241A40F0398500F01BBD01236A46F3
:1002B00002A9304600F000FE002840F02E85641EA2
:1002C000F4D13096079C12AF74B1309E17F8011B21
:1002D0000498B0470028049000F01F850D98401C3A
:1002E000641E0D90F2D130960A9C3021002C8DF8BE
:1002F00000100CDD309E01236A4602A9304600F052
:10030000DBFD002840F00985641EF4D13096059F7E
:10031000089C74B1309E17F8011B0498B047002860
:10032000049000F0FA840D98401C641E0D90F2D1E8
:1003300030960B9C3021002C8DF800100CDD309E87
:1003400001236A4602A9304600F0B6FD002840F0BD
:10035000E484641EF4D1309605980899099C4718E6
:1003600074B1309E17F8011B0498B0470028049020
:1003700000F0D3840D98401C641E0D90F2D130968D
:100380000C9C3021002C8DF800100CDD309E0123D8
:100390006A4602A9304600F08FFD002840F0BD8477
:1003A000641EF4D130969DF8400041077FF584AE7D
:1003B0002020002D8DF800007FF77EAE309C0123B9
:1003C0006A4602A9204600F077FD002840F0A58487
:1003D0006D1EF4D130946FE60FF63C30059000F0BE
:1003E00080BC0E9D002D04D5204600F00FFE044673
:1003F00007E02A46204600F025FE002814BF041B13
:100400002C46089400F06DBCD9F8001051F8040B8C
:10041000C9F8001020F00004002121F0FF35CDE9DB
:10042000024512AB0593782100F040BC2B99487827
:1004300020B14FF0FF340FF6B02030E79DF84200B6
:10044000622860D0682817D06A283FD06C2806D070
:10045000712847D074282CD07A281DD062E0D9F8B2
:10046000001051F8040BC9F80010002866D14FF0B5
:10047000FF340FF68C2012E7D9F8001051F8040B66
:10048000C9F8001020B94FF0FF340FF6742006E7CA
:100490000D99018000F025BCD9F8001051F8040B2B
:1004A000C9F80010002849D14FF0FF340FF6502052
:1004B000F5E6D9F8001051F8040BC9F8001000282F
:1004C0003CD14FF0FF340FF63820E8E6D9F80010A1
:1004D00051F8040BC9F8001080B94FF0FF340FF643
:1004E0002020DCE6D9F8001051F8040BC9F8001000
:1004F00020B94FF0FF340FF60820D0E60D9AD3173D
:10050000C0E90023EDE3D9F8001051F8040BC9F855
:10051000001020B94FF0FF340FF6E410BFE60D993C
:100520000170DEE3D9F8001051F8040BC9F800108F
:1005300020B94FF0FF340FF6C810B0E60D990160F6
:10054000CFE39DF842004C2807BFD9F80010CA1D20
:10055000D9F80000C21D22F00702C9F80020D2E934
:1005600000010832C9F80020CDE90201C80F02D00D
:1005700007982D210AE0BDF84000810702D50798B1
:100580002B2103E0C00705D50798202112AA11549A
:10059000401C079012A807994BF0200300EB010CB8
:1005A000DDE90201CDE92C01612BCDF814C021ACAD
:1005B0000BD00E98002848BF062105D404BF4BF08D
:1005C0002000672801D101210E91DDE902014F00D1
:1005D00047EAD0777E15FF174FF0FF32974208BFEA
:1005E000964210D1090341EA10510003002908BFC7
:1005F000002808D0ABF1610503211A2D089118D30A
:100600000FF61C1110E0DDE902014A00521512F14B
:10061000010F11D108030FD1ABF1610503211A2D90
:1006200008911FD30FF600110322604600F036FD3B
:1006300057E30FF6E801F7E7DDE902016A4600F04B
:1006400081FDCDE902014BF02000612811D1059810
:1006500030210170821C0592BBF1610F0CBF782123
:10066000582102E00FF6BC01DEE741700798801CBC
:100670000790DDE9020120F0000231F0004308BFDD
:10068000002A02D10026002542E14BF02008B8F1F3
:10069000610F40F092800E98002847BF2121019100
:1006A000401C0190019FDDE92C017F1C00220023EA
:1006B000DDE9024500F07EFD38BF85F00045009978
:1006C0008DF88420091F002F00910DF1850632DD81
:1006D000204629460022002300F086FD2BD21C2252
:1006E00000F09CFD04460D4600F01AFEFF1F002F8F
:1006F000804609DD00F01BFE02460B4620462946D7
:1007000000F01CFE04460D46F01D0721B8F1000F55
:100710000CDD491E5EBF08F00F0200F8012D4FEA04
:100720002818F3D502E0002200F8012D491EFAD561
:10073000C61D002FCCDC0DF18500361A01980DF195
:1007400085048642D8BF304600282FD4B04206DA4E
:100750000DF185010A5C082AA8BF0F2100DA0021EB
:10076000024621AB134400E0401E13F80159521E0B
:100770008D42F9D00F2904D10DF185018B5C5B1CF2
:100780008B54002A04D50099091D21AC401C00910E
:10079000411E0BD4621813783033DDB23A2DA4BF5A
:1007A0005B443A3B491E02F80139F4D50E99002901
:1007B00040F1AC80421E0E92A8E00099DFF8E826D6
:1007C00047F29750414391FBF2F20092DDE92C454C
:1007D000C2F10702002A25F0004504DD2046294623
:1007E00000F03EFB0BE052420020DFF8C01600F0A4
:1007F00037FB02460B462046294600F0A8FD04467A
:100800000D46B8F1660F06BF009F0A3706270E98FF
:100810003F18142FC8BF142730208DF884000DF125
:100820008506002F34DD2046294600F099FD01465B
:100830000A4606F1080304200A26B2FBF6F606EB88
:10084000860EA2EB4E02303203F8012C0A22B6FBD0
:10085000F2F202EB820EA6EB4E063036401E03F893
:10086000026DE9D1083F002F03F10806D9DD0846E3
:1008700000F07DFD02460B462046294600F05EFD55
:100880000022DFF82C3600F079FD04460D46CAE759
:100890000DF18500361A0DF1850404E00098401E24
:1008A000761E0090641C20783028F7D0B8F1660FCF
:1008B00002D10098401C04E0B8F1650F0CBF012084
:1008C00000200E9940188642B8BF701E00281DD423
:1008D000B04204DA215C3429C8BF392100DC302160
:1008E0000246631E9D1800E0401E15F80169521E65
:1008F0008E42F9D0392902D1A15C491CA154002AA9
:1009000004D50099491C1C46401C00910646009DD8
:100910000E9F30B2002802DC01260FF210644BF06B
:100920002000662808BF6D1C15D067280FFA85F8CF
:1009300041D118F1040F44DBB84542DA9DF840007C
:100940006D1C010703D430B2B842D8BF074628B2A5
:100950003F1A48BF00270FFA85F8B8F1000F00F3DF
:10096000AF800898411C0891302205990A54002F45
:1009700003DC9DF84000010705D50898411C08914B
:100980002E2205990A5417EB080FB8BF7D422DB2ED
:100990006842ED1932B20B909542B8BF2E46059BC6
:1009A000089836B2099632462146184400F076FB84
:1009B000AD1B0C95CCE0BBF1610F15D14FF0700B66
:1009C00017E030B2B84204DA9DF840100A0758BF69
:1009D00007467F1E48BF0027BBF1670F14BF4FF0CB
:1009E000450B4FF0650B04E0BBF1410F08BF4FF022
:1009F000500B0898411C0891002F059914F8012B01
:100A00000A5403DC9DF84000010719D50898411CE1
:100A100008912E2205990A54002F11DD761E30B25E
:100A20008742B8BF3E460598089B32B2214618441B
:100A300000F034FB089836B23018BF1B08900B97B3
:100A4000059808990844B8F1000F80F800B003D465
:100A50002B224270821C04E02D2145464170821CED
:100A60006D4200212CAB28460AE004460A2094FB84
:100A7000F0F000EB8005A4EB450403F8014B491CA2
:100A800000B20028F1DC012906DC4BF020006528CB
:100A900004BF302002F8010B00292CAB08D1302014
:100AA00002F8010B06E0491E585C303002F8010BD9
:100AB0000029F8DC059908980844121A099247E0C1
:100AC00030B229B288421BDA0598089B32B221461F
:100AD000184400F0E3FA089936B271180891A8EBAF
:100AE0000600002F0B9003DC9DF84000020705D59F
:100AF000059A2E2050540999491C09910C9727E01A
:100B00000598089B2AB22146184400F0C7FA0898B5
:100B1000761B4044002F089003DC9DF840100A0724
:100B200004D5411C08912E2205990A5430B28742FF
:100B3000B8BF3E460598089B32B204EB0801184442
:100B400000F0ACFA089836B23018BE1B08900B962D
:100B50009DF8400000F01400102840F0C280079A71
:100B600008980B99821809988A1882180C980F997E
:100B70008018884280F2B580081A0A90B1E09DF88A
:100B80004200622808D068280ED06A2814D06C2849
:100B90001FD0712810D01CE0D9F8001051F8040BB8
:100BA000C9F80010C0B21AE0D9F8001051F8040BCF
:100BB000C9F8001080B212E0D9F80000C21D22F07E
:100BC0000702C9F80020D2E900010832C9F8002064
:100BD00006E0D9F8001051F8040BC9F80010002104
:100BE000CDE902019DF8400001075AD5DDE9022355
:100BF000002B08BF002A54D04BF02000782850D199
:100C0000079812A930220A54401C431C079301F88C
:100C100000B046E09DF84200622808D068280ED057
:100C20006A2814D06C281FD0712810D01CE0D9F885
:100C3000001051F8040BC9F8001040B21AE0D9F8BE
:100C4000001051F8040BC9F8001000B212E0D9F8F6
:100C50000000C21D22F00702C9F80020D2E90001FD
:100C60000832C9F8002006E0D9F8001051F8040B4A
:100C7000C9F80010C117CDE90201002902D5079873
:100C80002D210AE0BDF84000810702D507982B21ED
:100C900003E0C00705D50798202112AA1154401C73
:100CA000079012A8079901440591594602A800F03F
:100CB0004DF816E001200790D9F8000050F8041B09
:100CC000C9F800008DF848100BE001212522BBF186
:100CD000000F07918DF8482003D0022207928DF86B
:100CE00049B00F9D07990A986D1A08992D1A0B980B
:100CF0006D1A09992D1A0C986D1A9DF840102D1A2D
:100D000048073FF5DFAA2021002D8DF800107FF75E
:100D1000D9AA309E2C46FFF7C9BA4FF0FF3031B048
:100D2000BDE8F08FCBCCCC0C686A6C747A4C0000B8
:100D30007072696E74665F733A2062616420257315
:100D400020617267756D656E740000002DE9FC47C7
:100D500007468A463C6950466F2808BF082505D0DB
:100D6000FFF78EF9782814BF0A251025D7E900016E
:100D70003C2680468946BAF1640F18BFBAF1690F64
:100D800005D1002903D5D8F1000869EB4909B9F16B
:100D9000000F08BFB8F1000F0CD1386B50B9082D07
:100DA0003AD197F83800010736D530223B2684F82F
:100DB0003B2031E08DF800A0404649462A46EB171B
:100DC00000F0E6FA3032D0B2761E3A2801960EDAFA
:100DD000A255404649462A46EB1700F0D9FA80460C
:100DE0005FEA010908BFB8F1000F05D108E09DF8DE
:100DF00000001218513AEBE7F868A1198842DBD3DA
:100E0000082D09D197F83800010705D5A05D3028D5
:100E100002D0761E3020A055C6F13C03BB61A1195B
:100E2000F960386B834208DAC31A3B624FF6EF7001
:100E3000398F01403987BDE8F38700280ED597F830
:100E4000380000F01400102808D17A6B7969386AEC
:100E5000521A121AD21A002AC8BF3A62BDE8F387A2
:100E60002DE9D04306460F4614464FF00008DFF840
:100E7000449012E0E00707D542464B4630463946DB
:100E800000F07CFA06460F464046494642464B462D
:100E900000F074FA641080468946002CEAD130468E
:100EA0003946BDE8D0830000A08601000000F03F75
:100EB00084D7974100002440F8B505460E461746F2
:100EC0001C4600205CB117F8011BB068A847B06051
:100ED00030B1F06A401CF0620020641EF3D1F2BD14
:100EE0004FF0FF30F2BD00007072696E74665F7380
:100EF0003A20256E20646973616C6C6F77656400BD
:100F00007072696E74663A2062616420256E206199
:100F10007267756D656E7400000000006E616E0092
:100F20004E414E00696E6600494E46003000F0B4F6
:100F30000246106895681318506803EB5004C00708
:100F400048BF4D44A3422DD013F8016B16F00300A7
:100F500004BF13F8010BC01C31090F2907D113F886
:100F6000011B0F3103E013F8017B05F8017B401EE4
:100F7000F9D10029E6D013F8010BC6F38106032E40
:100F800008BF13F8016B00EB0620404228440026FE
:100F9000B71E8F421EBF10F8017B05F8017B761C3F
:100FA000F6D1CFE7F0BC02F10C007047C9B202786D
:100FB0008A421AB11CBF10F8012FF9E718BF0020B0
:100FC00070470268531C03601170704780B500B908
:100FD00006A005490B681BB122220021984701E0B9
:100FE00000F0EEFA222002BD1C970928636F6E7391
:100FF000747261696E742068616E646C65723A2007
:10100000626164206D6573736167650000F10103BF
:10101000810704D010F8011B820781B1FAD1026860
:10102000A2F10131914311F0803104BF50F8042F37
:10103000F6E709BAB1FA81F100EBD100401CC01A01
:1010400070470000C9B2830706D0521E22D310F8A1
:10105000013B9942F7D11FE0083A13D302F1040291
:1010600041EA012141EA014150F8043B121F21BF2E
:101070004B40A3F1013C2CEA030C1CF0803FF3D061
:10108000C9B2001F083210F8013B521E28BF91EA76
:10109000030FF8D818BF0120401E704762B38B07BA
:1010A00008D0521E11F8013B00F8013B00F02480EB
:1010B0008B07F6D1830740F0208000BF103A07D39A
:1010C00030B4B1E83810103AA0E83810F9D230BC8A
:1010D000530724BFB1E80810A0E8081044BF51F836
:1010E000043B40F8043BD20724BF31F8022B20F820
:1010F000022B44BF0B7803707047121F17D35B009D
:1011000009D151F8043B20F8023B1B0C121F20F8B8
:10111000023BF6D20BE051F8043B00F8013B1B0AFE
:1011200020F8023B1B0C121F00F8013BF3D238BF22
:10113000121D521E24BF11F8013B00F8013BF8D8E4
:101140007047000010B5144600F002F8226010BD90
:10115000C1F30A5343B14A0012F5001F28D2A3F28B
:10116000FE32A1EB0251704750EA410C20D001F051
:10117000004C31EA0C01B1FA81F204BFB0FA80F3FD
:10118000D2180B3AB2F120032CBF00FA03F19140C0
:1011900041EA0C013EBFC2F1200C20FA0CF31943C6
:1011A0009040524240F2FD33D21A01EB0351704796
:1011B0000022704741EA030C50EA4C0C52EA0C0C36
:1011C0004FF4001C09D307D01CEB410F9CBF1CEB54
:1011D000430F8B4208BF824270471CEB430FFBD882
:1011E000994208BF9042704741EA030C50EA4C0C08
:1011F00052EA0C0C4FF4001C09D307D01CEB410F32
:101200009CBF1CEB430F994208BF904270471CEBF8
:10121000410FFBD88B4208BF8242704700B541ECBA
:10122000100B104600F004F851EC100B00BD00BF8D
:10123000020030EE101B40F2FF7C37D41CEA115341
:1012400013D063456BD09B18634504D201EB025168
:1012500020EE101B704701F0004141EA0C510020C4
:1012600041EC100BAFF30080704710EE100B50EA0A
:10127000410054D0B2F57F7F08D202EB5C01090532
:10128000002041EC110B20EE010B70474FF0FE41A6
:10129000002341EC113B20EE010BB2F57E7230EEE3
:1012A000101B4FEA410342EB5353CDE752421CEA75
:1012B000115316D0634532D09A4204D2A1EB0251A9
:1012C00020EE101B70475B1ED21AA1EB035120EEDB
:1012D000101B372A0CD3002001F0004141EC100B09
:1012E000C0E710EE100B50EA410018D0372AF2D2B6
:1012F000C2EB5C021105002041EC110BF1EE100A6B
:1013000020F01F0121F4F851E1EE101A20EE010B3C
:10131000F1EE101AE1EE100A11F0080FA2D1704799
:1013200041EC100BBDEEC00B10EE100A704700EE42
:10133000100AB8EEC00B51EC100B704741EC100BCB
:1013400043EC112B30EE410B51EC100B704741EC8C
:10135000100B43EC112B80EE010B51EC100B70477E
:1013600041EC100BBCEEC00B10EE100A704700EE03
:10137000100AB8EE400B51EC100B704741EC100B0B
:1013800043EC112B20EE010B51EC100B70470000C9
:10139000BBBBE1B1B2F5803F80F07E80022A1ED94E
:1013A0008C46B1FBF2F102FB11C31B0443EA10436C
:1013B000B3FBF2FC02FB1C3380B240EA0343B3FBF5
:1013C000F2F002FB103240EA0C4000237047022A80
:1013D00005D98446B0FBF2F002FB10C270474AB157
:1013E00005D100F0010249085FEA30007047002291
:1013F0000023704700F0E8B80B0002000021002035
:101400007047904271EB030CF6D3B3F5803F2FD2B7
:10141000F0B5B3FA83F7B1FA81F4A7F10F0E3D1BD3
:101420005340CEF1200602FA0EF2F3415340B5F1DB
:101430000F0746D80F3C2C444140C4F12006A04081
:10144000F1414140B1FBF3F603FB1611A2FB064547
:10145000001BA94102D2761E8018594180EA010280
:1014600021FA0EF362FA0EF200215A403046F0BD26
:1014700030B4B1FBF3FC03FB1C11A2FB0C45001BB9
:10148000A94103D2ACF1010C8018594130BC02468D
:101490000B46604600217047B2F1807F65D3F0B5FE
:1014A000B2FA82F7B1FA81F4C7F10F063D1B22FAB6
:1014B00006F307F1110EF24120355A40B5F10F073E
:1014C000B8D94140C4F12006A040F1414140B1FBF0
:1014D000F3FC03FB1C11A2FB0C45001BA94103D22A
:1014E000BCF1010C801859410F2F12D30F3FC903D3
:1014F00041EA5041B1FBF3F603FB1611A2FB06458E
:10150000D4EBC030A94102D2761E8018594146EA78
:10151000CC3C07B34140C7F12006B840F1414140FF
:10152000B1FBF3F603FB1611A2FB0645001BA94114
:1015300002D2761E8018594180EA010221FA0EF388
:10154000C7F1200462FA0EF20CFA07F05A402CFAA6
:1015500004F13043F0BD80EA010221FA0EF30021CC
:1015600062FA0EF260465A40F0BD8C46B1FBF2F1D1
:1015700002FB11C31B0243EA1063B3FBF2FC02FB44
:101580001C331B024CEA002043EA1063B3FBF2FC5D
:1015900002FB1C331B024CEA002043EA1063B3FB3E
:1015A000F2FC02FB1C331B024CEA002043EA1063EE
:1015B000B3FBF2FC02FB1C324CEA00200023704714
:1015C000012000F003B800007047000080B5AFF3C1
:1015D0000080024A11001820ABBEFBE72600020083
:1015E00080B501000820DFF800271060C9B2012093
:1015F00001F066F80820DFF80017086001BD2DE94A
:10160000F047060015001F00DFF8E0863000B8F84C
:10161000002080B2904201D2012000E000200C00A6
:10162000DFF8CC96AF224946C0B201F04EFCDFF89D
:10163000C4A62000BAF8001080B2884201D201206E
:1016400000E00020B0224946C0B201F03EFC280074
:10165000B8F8001080B2884201D2012000E00020DA
:10166000B1224946C0B201F030FC3800BAF800108F
:1016700080B2884201D2012000E00020B222494617
:10168000C0B201F022FCDFF87406007800280128BF
:1016900003D9801E01282FD95CE02A20FFF7A0FF84
:1016A0000021012001F00CF8B61C3100C9B2012064
:1016B00001F006F80021012001F002F8AD1C29001C
:1016C000C9B2012000F0FCFF2B20FFF789FF0021A9
:1016D000012000F0F5FF641C2100C9B2012000F0D8
:1016E000EFFF0021012000F0EBFF7F1C3900C9B2A1
:1016F000012000F0E5FF2DE02A20FFF771FF002117
:10170000012000F0DDFF761C3100C9B2012000F09D
:10171000D7FF0021012000F0D3FF6D1C2900C9B2C2
:10172000012000F0CDFF2B20FFF75AFF0021012000
:1017300000F0C6FFA41C2100C9B2012000F0C0FFC8
:101740000021012000F0BCFFBF1C3900C9B20120FC
:1017500000F0B6FF2C20FFF743FFBDE8F08700B58F
:1017600085B0684601F0CFFB0120ADF80000DFF83E
:101770007C050088ADF80200DFF878050088ADF838
:101780000400DFF8D8060078002803D002280FD024
:1017900007D30DE006208DF8060008208DF807001D
:1017A00006E008208DF8060010208DF80700FFE7FE
:1017B0000FF2493003900FF211000490684601F0D7
:1017C000B2FB05B000BD0000F8B5DFF82045208869
:1017D000400001F0E3FB0500002000200820DFF8B6
:1017E00080160860DFF80C653088431E9BB22088A5
:1017F000421E92B200210020FFF701FF002007E007
:10180000DFF860160988020092B225F81210401C19
:101810000100228889B29142F2D3002705E0228894
:101820002900012000F0F6FF7F1C3800318880B2CB
:101830008842F4D30820DFF830160860280001F051
:10184000B6FBF1BDDFF8B414087008780028012851
:1018500003D9801E012809D910E08020DFF88C14FC
:101860000880A020DFF88C14088007E0A020DFF8B3
:101870007C1408808020DFF87C1408807047DFF833
:10188000EC251080DFF8DC0501807047F8B5040016
:101890000D0016002000DFF85414098880B2884239
:1018A00001D2012000E00020DFF8447440F27312FE
:1018B0003900C0B201F009FB2800DFF838140988AC
:1018C00080B2884201D2012000E000204FF4BA72B9
:1018D0003900C0B201F0F9FA0820DFF88415086079
:1018E0002B009BB2220092B2290089B2200080B264
:1018F000FFF785FE310089B2012000F036FF082095
:10190000DFF864150860F1BDF8B5D8B005000E0029
:1019100014002800DFF8D413098880B2884201D26D
:10192000012000E00020DFF8C87340F2CB1239003C
:10193000C0B201F0CAFA3000DFF8B813098880B2EB
:10194000884201D2012000E000204FF4E672390005
:10195000C0B201F0BAFA002000200820DFF800151C
:101960000860DFF8F8040078002804D0022800F0AE
:10197000BF8046D3BCE0F31D9BB26A1D92B231001A
:1019800089B2280080B2FFF73AFE002000E0401C38
:101990000100C9B206292EDA0621DFF8D42423007B
:1019A000DBB24B431A440300DBB21A4412F8C02CDA
:1019B00000230BE040AD1E00F6B24E4356FA80F60F
:1019C000DFF8A0743F8825F8167010E01D00EDB216
:1019D000082DDCDAD507EDD540AD1E00F6B24E433A
:1019E00056FA80F6DFF884743F8825F81670D2B274
:1019F00052085B1CEAE7302240A9012000F00AFFF0
:101A000076E016F10F039BB2EA1D92B2310089B263
:101A1000280080B2FFF7F3FD002000E0401C010029
:101A2000C9B208295EDADFF84C242100C9B20901E5
:101A300011440300DBB21944B1F5007109782300A9
:101A4000DBB21B011A440300DBB21A44B2F5FC728C
:101A5000127800231BE06D461E00F6B2F60056FA1F
:101A600080F6DFF800743F8825F816700CE0CD078B
:101A7000F1D56D461E00F6B2F60056FA80F6DFF894
:101A8000EC733F8825F81670C9B249085B1C1D002D
:101A9000EDB2082DEBDB00210DE06B460D00EDB241
:101AA000ED0055FA80F503EB4503DFF8B8532D88B8
:101AB000A3F8805012E00B00DBB2082BAEDAD3079C
:101AC000EBD56B460D00EDB2ED0055FA80F503EB5A
:101AD0004503DFF898532D88A3F88050D2B25208FE
:101AE000491CE8E780226946012000F093FEFFE7E9
:101AF0000820DFF87413086059B0F0BDF8B5040091
:101B00000E0015002000DFF8E411098880B2884239
:101B100001D2012000E00020DFF8D47140F222223F
:101B20003900C0B201F0D1F93000DFF8C8110988DE
:101B300080B2884201D2012000E0002040F223223E
:101B40003900C0B201F0C1F900270EE00CE0380006
:101B500080B22A5C310089B2380080B2C00010FA2D
:101B600084F080B2FFF7D0FE7F1C380080B2285C82
:101B7000002817D0DFF800030078002803D00228DF
:101B8000E4D0E4D3F0E7380080B22A5C310089B2B7
:101B90003B009BB20620434313FA84F080B2FFF768
:101BA000B3FEE1E7F1BD2DE9F0412DED028B86B0EA
:101BB0000500B0EE408B16001F0028004B4A12882B
:101BC00080B2904201D2012000E000200C00DFF83A
:101BD000208140F291224146C0B201F076F9200006
:101BE000DFF8F415098880B2884201D2012000E0B4
:101BF000002040F292224146C0B201F066F9300066
:101C0000C0B2002801D0012000E0002040F2932261
:101C10004146C0B201F059F93000C0B2092801DADA
:101C2000012000E000204FF425724146C0B201F0CF
:101C30004CF93800C0B2002801D0012000E000209B
:101C400040F295224146C0B201F03FF93800C0B2DF
:101C5000072801DA012000E0002040F296224146E8
:101C6000C0B201F032F9B7EE000B11210022E846B4
:101C7000404601F09FF93800C0B250FA86F1891C45
:101C80002022E846404601F095F904E0B2EE042B2C
:101C900020EE020B761E3000C0B20028F6D1BDEE59
:101CA000C81B11EE100ABDEEC01B11EE101A90FBFE
:101CB000F1F001EE100AB8EEC11B01EE408B3900C5
:101CC000C9B2B0EE480B684601F0A8F96A46210097
:101CD00089B2280080B2FFF711FF06B0BDEC028B7D
:101CE000BDE8F08100000000040B314058120828C4
:101CF000248C28105A120828080B314031970928E3
:101D00002DE9F84F804614009A46DFF8D0944046FB
:101D1000B9F8002080B2904201D2012000E00020FA
:101D20000F00DFF8BCB440F2F3225946C0B201F014
:101D3000CCF83800DFF8A014098880B2884201D2BC
:101D4000012000E000204FF43D725946C0B201F07E
:101D5000BCF8002C01D0012000E000200C9D0B9E5F
:101D600040F2F5225946C0B201F0AFF80020002041
:101D700000200020B9F80000400001F00FF9814672
:101D8000082037490860E819431E9BB216EB08008B
:101D9000421E92B2390089B2404680B2FFF72FFC52
:101DA0005FF0000B0A9FDDF8348007E0320092B24A
:101DB0004946012000F02EFD1BF1010B280080B2E6
:101DC000834541D2380080B200FB0BF0290089B274
:101DD000B0FBF1F1504680B24143214400220EE0B5
:101DE0004FF6FF7029F8120008E04346DBB280B2DC
:101DF0009BB29842F4D2002029F81200521C300005
:101E000080B28242D2D2504680B200FB02F0330050
:101E10009BB2B0FBF3F0085C4346DBB2002BE4D18D
:101E20000300DBB2DB08DBB2DB0284465FFA8CFC2A
:101E30005FEA9C0C5FFA8CFC53EA4C13C0F3C400BD
:101E4000034329F81230D9E70820DFF89813086017
:101E5000484601F0ACF8BDE8F18F00006412082894
:101E6000040631405E120828080631405C1208283A
:101E7000EC802810686E2810641208281FB508200E
:101E8000029004200190012000900123D94A0021F2
:101E9000012000F027FD032300220121B32001F0DF
:101EA00000FA032300220121B42001F0FAF90323F0
:101EB00001220121632001F0F4F903230122012111
:101EC000582001F0EEF9CC4C2078FFF7BBFCC74856
:101ED0000188C7480088FFF7D2FC1020C749086076
:101EE0000A2001F0D7FA1020C5490860782001F0D7
:101EF000D1FA0820BC4908601120FFF771FB782057
:101F000001F0C8FAB120FFF76BFB0121012000F0BE
:101F1000D7FB2C21012000F0D3FB2D21012000F064
:101F2000CFFBB220FFF75CFB0121012000F0C8FBD2
:101F30002C21012000F0C4FB2D21012000F0C0FB6A
:101F4000B320FFF74DFB0121012000F0B9FB2C214C
:101F5000012000F0B5FB2D21012000F0B1FB012193
:101F6000012000F0ADFB2C21012000F0A9FB2D2168
:101F7000012000F0A5FBB420FFF732FB0721012070
:101F800000F09EFBC020FFF72BFBA221012000F0F8
:101F900097FB0221012000F093FB8421012000F037
:101FA0008FFBC120FFF71CFBC521012000F088FB3F
:101FB000C220FFF715FB0A21012000F081FB002160
:101FC000012000F07DFBC320FFF70AFB8A210120DE
:101FD00000F076FB2A21012000F072FBC420FFF7FD
:101FE000FFFA8A21012000F06BFBEE21012000F0B6
:101FF00067FBC520FFF7F4FA0E21012000F060FB1B
:102000003620FFF7EDFA2078002805D002280DD001
:1020100007D303280FD012E0C021012000F050FBAD
:102020000DE00021012000F04BFB08E0A021012081
:1020300000F046FB03E06021012000F041FBE020BE
:10204000FFF7CEFA0F21012000F03AFB1A21012000
:1020500000F036FB0F21012000F032FB1821012097
:1020600000F02EFB2F21012000F02AFB2821012067
:1020700000F026FB2021012000F022FB222101207C
:1020800000F01EFB1F21012000F01AFB1B21012084
:1020900000F016FB2321012000F012FB3721012064
:1020A00000F00EFB0021012000F00AFB07210120B7
:1020B00000F006FB0221012000F002FB10210120AC
:1020C00000F0FEFAE120FFF78BFA0F21012000F06B
:1020D000F7FA1B21012000F0F3FA0F21012000F094
:1020E000EFFA1721012000F0EBFA3321012000F074
:1020F000E7FA2C21012000F0E3FA2921012000F069
:10210000DFFA2E21012000F0DBFA3021012000F05F
:10211000D7FA3021012000F0D3FA3921012000F054
:10212000CFFA3F21012000F0CBFA0021012000F07E
:10213000C7FA0721012000F0C3FA0321012000F0B3
:10214000BFFA1021012000F0BBFA2A20FFF748FA5D
:102150000021012000F0B4FA0221012000F0B0FAC1
:102160000021012000F0ACFA8221012000F0A8FA41
:102170002B20FFF735FA0021012000F0A1FA0321FE
:10218000012000F09DFA0021012000F099FA83213E
:10219000012000F095FAF020FFF722FA012101203A
:1021A00000F08EFAF620FFF71BFA0021012000F064
:1021B00087FA3A20FFF714FA0521012000F080FA8F
:1021C0002920FFF70DFA082006490860FFF7FCFAFE
:1021D000FFF7C5FA1FBD00005A1208285812082838
:1021E000248C281008063140040631405E1208286D
:1021F0005C12082880C3C90131970928040B3140BB
:10220000080B3140C0F840127047D0F80802C005F2
:10221000C00D7047D0F80802C0F3C030704738B521
:1022200005002800FFF7F1FF04002800FFF7F2FF88
:102230000419002C01D1012000E00020C0B232BD01
:102240000068C0F38130002801D1802000E04020E8
:102250007047016851F0004101607047203002680A
:1022600061F39B6202607047022801D3012010E0F5
:102270000B00DBB2042B01DB01200AE0DFF84C3657
:1022800003EB8000C9B2405C824201D3012000E030
:1022900000207047F8B504000F0015001E00022C46
:1022A00001D301202AE02A003900C9B22000FFF73B
:1022B000DBFF012801D1012020E006983900C9B2D6
:1022C00002291ED1B6F5803F19D2202817D24FF42B
:1022D000C052DFF8FC1563030B4403EB8503134482
:1022E0001F6866F317271F606403214401EB850113
:1022F00011440A6860F3C7020A600020F2BD0120A1
:10230000FCE7FFB2032F1FD1B6F1807F1AD220283D
:1023100018D24FF4E052DFF8B81563030B4403EB17
:10232000850313441F6807F0FF0757EA06271F605D
:102330006403214401EB850111440A6860F3C7027C
:102340000A60DAE70120D9E70120D7E700B20012DE
:10235000C0B27047F8B505000E001700280000B2A3
:10236000FFF7F4FF04002000C0B2022801D30120CF
:1023700024E03A003100C9B22000C0B2FFF774FF78
:10238000012801D1012019E0DFF844152000C0B276
:10239000400308442A00D2B200EB8200D0F8000CBF
:1023A000F6B266F3092067F30700E4B26403214440
:1023B000EDB201EB8501C1F8000C0020F2BD70B553
:1023C00004000D001600022C01D301201DE0320094
:1023D0002900C9B22000FFF747FF012801D10120E1
:1023E00013E0DFF8EC146003085850F0004050F0A0
:1023F000407050F47F00EDB265F3092066F30700EA
:102400006203885064030859002070BD0100C02099
:10241000C9B2002905D0022907D004D3032906D068
:1024200006E0122004E0622002E07A2000E01A2098
:10243000C0B270470100C020C9B2002905D00229EE
:1024400007D004D3032906D006E0112004E0612060
:1024500002E0792000E01920C0B270470100C020DE
:10246000C9B2002905D0022907D004D3032906D018
:1024700006E0102004E0602002E0782000E0182050
:10248000C0B270470100C020C9B200290BD0022998
:102490000DD00AD304290ED00BD306290FD00CD3AC
:1024A00007290ED00EE013200CE014200AE0632070
:1024B00008E0642006E07B2004E0292002E01B20E5
:1024C00000E01C20C0B2704701000020C9B2002902
:1024D00005D0022907D004D3032906D006E0132033
:1024E00004E0132002E0132000E01320C0B2704784
:1024F00001000020C9B2002905D0022907D004D369
:10250000032906D006E0132004E0132002E0132084
:1025100000E01320C0B2704701000020C9B20029BA
:1025200005D0022907D004D3032906D006E01320E2
:1025300004E0132002E0132000E01320C0B2704733
:1025400001000020C9B200290BD002290DD00AD306
:1025500004290ED00BD306290FD00CD307290ED097
:102560000EE013200CE013200AE0132008E01320F3
:1025700006E0132004E0132002E0132000E0132003
:10258000C0B27047C9B2082902D0102946D096E0DF
:10259000DFF840130200D2B251F82220126832F460
:1025A00040420300DBB251F823301A600200D2B27D
:1025B00051F82220D2F80022520952010300DBB266
:1025C00051F82330C3F800220200D2B251F8222081
:1025D000D2F8002252F007020300DBB251F8233098
:1025E000C3F800220200D2B251F82220D2F8002310
:1025F000520952010300DBB251F82330C3F8002323
:102600000200D2B251F82220D2F8002352F0070281
:10261000C0B251F82000C0F8002350E0DFF8B41237
:102620000200D2B251F82220126832F44042030074
:10263000DBB251F823301A600200D2B251F82220E6
:10264000126852F480420300DBB251F823301A6062
:102650000200D2B251F82220D2F8002252095201CF
:102660000300DBB251F82330C3F800220200D2B2DB
:1026700051F82220D2F8002252F00F020300DBB200
:1026800051F82330C3F800220200D2B251F82220C0
:10269000D2F80023520952010300DBB251F8233073
:1026A000C3F800230200D2B251F82220D2F800234E
:1026B00052F00F02C0B251F82000C0F8002370475A
:1026C000F8B504000E0008212000C0B2FFF75AFF41
:1026D000DFF804522000C0B2285C08280FD0200088
:1026E000C0B2285CC010DFF8F41111EBC01101205A
:1026F0002200D2B2AA5C12F0070290400860DFF814
:10270000D471F6B231002000C0B257F82000FFF7B4
:1027100079FD2000C0B257F82000FFF791FD0600B8
:102720002000C0B257F82000FFF76FFD8642F0D0BE
:102730002000C0B257F82000FFF771FD0028F7D045
:102740002000C0B2285C08280ED02000C0B2285C4F
:10275000C010DFF88C1111EBC0110120E4B22A5D2A
:1027600012F0070290400860F1BDF8B504000E00B9
:1027700010212000C0B2FFF705FFDFF85C512000F8
:10278000C0B2285C08280FD02000C0B2285CC0105E
:10279000DFF8481111EBC01101202200D2B2AA5C6F
:1027A00012F0070290400860DFF82871B6B23100DD
:1027B0002000C0B257F82000FFF724FD2000C0B26F
:1027C00057F82000FFF73CFD06002000C0B257F884
:1027D0002000FFF71AFD8642F0D02000C0B257F863
:1027E0002000FFF71CFD0028F7D02000C0B2285CB5
:1027F00008280ED02000C0B2285CC010DFF8E0101E
:1028000011EBC0110120E4B22A5D12F007029040E2
:102810000860F1BD2DE9F84307000D0014001021F8
:102820003800C0B2FFF7AEFEDFF8AC603800C0B2CF
:10283000305C08280FD03800C0B2305CC010DFF820
:102840009C1011EBC01101203A00D2B2B25C12F020
:10285000070290400860DFF87C8029883800C0B209
:1028600058F82000FFF7CEFCAD1C3800C0B258F875
:102870002000FFF7E5FC81463800C0B258F8200080
:10288000FFF7C3FC8145F0D0641E002CE3D1380073
:10289000C0B258F82000FFF7C2FC0028F7D038007B
:1028A000C0B2305C08280ED03800C0B2305CC01016
:1028B000DFF82C1011EBC0110120FFB2F25D12F015
:1028C000070290400860BDE8F1830000748F281073
:1028D0000000044010120828009709280400314025
:1028E000080031402DE9F84F2DED028B9EB0060017
:1028F0000F009946042080B202FB00F2A848B0FB0A
:10290000F2F8A74802FB180000EE100AB8EE400BE0
:1029100001EE102AB8EE411B80EE010BBFEEED0B6D
:1029200010EE100B08EE100A3421002201AC20003A
:1029300000F040FB3C2100220EAC200000F03AFBEE
:1029400030004946C0B2C9B2884201D1012000E03E
:1029500000202A9DDFF84CA24FF470725146C0B29D
:1029600000F0B3FA48462900C0B2C9B2884201D18A
:10297000012000E000202B9C40F2C1325146C0B241
:1029800000F0A3FA062002902800C0B2FFF7B0FDC5
:102990008DF80C002800C0B2FFF74CFD82465FF0B6
:1029A000080B2800C0B2FFF745FD7F4D01AA9AFB36
:1029B000FBF10BFB11AA5146C0B2C010C001284464
:1029C00000F083FE062002904846C0B2FFF77CFD6F
:1029D0008DF80C004846C0B2FFF718FD82465FF044
:1029E000080B4846C0B2FFF711FD01AA9AFBFBF1A4
:1029F0000BFB11AA5146C0B2C010C001284400F020
:102A000064FE2000C0B204281ED0082002902000DE
:102A1000C0B2FFF781FD8DF80C002000C0B2FFF7B7
:102A20001DFD81465FF0080A2000C0B2FFF716FDC9
:102A300001AA99FBFAF10AFB11994946C0B2C010EC
:102A4000C001284400F041FE2C9C2000C0B20828A0
:102A50001ED0062002902000C0B2FFF771FD8DF855
:102A60000C002000C0B2FFF70DFD81465FF0080AA0
:102A70002000C0B2FFF706FD01AA99FBFAF10AFB9C
:102A800011994946C0B2C010C001284400F01DFE93
:102A90003000C0B2032803D23000C0B2401C00E0B6
:102AA00000203200D2B2D21D032110F58F7000B287
:102AB000FFF750FC3000C0B2032803D23000C0B290
:102AC000401C00E0002010F58F7000B2FFF73EFCC4
:102AD0008DED008AB8F1010843463200D2B2D21D12
:102AE0000321C0B2FFF7D6FB3000C0B2032803D2E7
:102AF0003000C0B2401C00E0002010F58F7000B222
:102B0000FFF724FC3200D2B2D21D0321C0B2FFF77E
:102B100056FCFFB2002F05D0022F09D005D3032F9A
:102B200009D00AE00020109007E00120109004E096
:102B30000220109001E00320109001200E90002050
:102B40000F9004201190082012900820139001206B
:102B50008DF8500001208DF85300104D00220EA971
:102B60003000C0B255F8200000F0EEFD002130002A
:102B7000C0B255F82000FFF771FB3000C0B255F825
:102B80002000FFF766FB0448F6B284551EB0BDEC8A
:102B9000028BBDE8F18F0000009709281012082869
:102BA00000B4C404D48C28100000314082B000204E
:102BB0000190002000900020019009E00098401C46
:102BC00000900098B0F5005FF8D30198401C019088
:102BD0000198B0F5805F02D200200090F1E702B0CA
:102BE000704780B50100002001F011F901BD2DE909
:102BF000F043ADF5137D0700884616001C00002049
:102C0000ADF802000020ADF8000000200290002086
:102C1000ADF804000020ADF806004046FEF7F6F9D6
:102C20000290DFF844532888002801D028698047A3
:102C3000DFF838030078002800F033812888002866
:102C400000F01181BDF90600411CADF806103A00F4
:102C5000010089B20020EB68984747464046FEF7DE
:102C6000D5F902906888A97990FBF1F0ADF80400DD
:102C70003800471C00780028FAD10020ADF8000089
:102C80000EE07F1E38782F2802D038785C2804D1D7
:102C9000BDF80000401CADF800000298401E0290F4
:102CA000BDF80000022802DA02980028E9D502984F
:102CB000002806D47A1CDFF8B81253A801F0EAFA0B
:102CC0000EE0BDF80000002805D13A00A94953A83C
:102CD00001F0E0FA04E03A00A54953A801F0DAFA5D
:102CE0000020ADF8020042E0BDF80010BDF8002061
:102CF000BDF8023053AF9BB2BDF90400434313FA51
:102D000082F0385C43AA89B25054BDF80000401CE0
:102D1000ADF80000BDF8000080B2BDF90410884293
:102D20000EDA53A8FEF772F9BDF80020BDF80230A4
:102D30009BB2BDF904104B4313FA82F18842D3D2FF
:102D4000002043A9BDF800208854BDF90600411CAD
:102D5000ADF8061043AAE97911FB00F189B2002011
:102D6000EB689847BDF80200401CADF80200BDF8C2
:102D7000027053A8FEF74AF9BDF90410B0FBF1F058
:102D8000401CBFB2874203D20020ADF80000C1E76B
:102D90003200794953A801F07DFABDF90600411CC3
:102DA000ADF8061053AAE97911FB00F189B20020B1
:102DB000EB689847002C74D00020ADF8020041E089
:102DC000BDF80010BDF80020BDF802309BB2BDF97F
:102DD0000400434313FA82F0205C43AA89B25054A2
:102DE000BDF80000401CADF80000BDF8000080B246
:102DF000BDF9041088420EDA2000FEF707F9BDF88D
:102E00000020BDF802309BB2BDF904104B4313FA09
:102E100082F18842D4D2002043A9BDF80020885412
:102E2000BDF90600411CADF8061043AAE97911FB73
:102E300000F189B20020EB689847BDF80200401C01
:102E4000ADF80200BDF802602000FEF7DFF8BDF922
:102E50000410B0FBF1F0401CB6B2864221D2002033
:102E6000ADF80000C1E74FF4807100220DF10C09AC
:102E7000484600F09FF83800A9688847002C07D022
:102E80000094330042463D4903A801F003FA05E0EF
:102E9000330042463A4903A801F0FCF903A8A968A7
:102EA00088470DF5137DBDE8F08310B52F480078F5
:102EB000002809D0344C2100002000F0C2FF01227C
:102EC0002100304801F06BFA10BD38B50C00150038
:102ED000C0B2002803D12D480078002800D131BDB0
:102EE0002B490878002800D0FEE70878401C0870BD
:102EF00001F042FC00232A0021002648FFF777FE5C
:102F0000FFF754FEF6E7002101804FF6FF71418084
:102F10008180FF218171C171002181600021C16028
:102F2000002101617047104902880A8042884A8066
:102F300082888A8082798A71C279CA7182688A603D
:102F4000C268CA60006908610120084908707047BA
:102F500000B585B06846FFF7D6FF0F480290684677
:102F6000FFF7E1FF05B000BD7096092827970928F3
:102F7000508F2810308F28105C8F2810948E2810C6
:102F8000188F2810409609282897092863120828C6
:102F900029970928408F2810E32B281010B501F03D
:102FA00013FC040008BFFEF70BFB204610BD01F028
:102FB000A9BC000062F30F2262F31F42401810F018
:102FC000030308D0C91A1FD3DB0748BF00F8012D3F
:102FD00028BF20F8022D130030B4144615461039CE
:102FE00028BF20E93C00FAD8490728BF20E90C0097
:102FF00048BF40F8042D890028BF20F8022D48BFA3
:1030000000F8012D30BC7047C91818BF00F8012D19
:10301000CB0728BF00F8012D70470000F8B52DED53
:10302000028B96B00400B0EE408B0D00002C01D056
:10303000012000E000204FF4F172DFF87411C0B2FB
:10304000FFF743FF002000202900002C71D0BDEEC7
:10305000C80B10EE100A9FED541BB4EE418BF1EE3D
:1030600010FA09D52D222270641C00EE100AB8EE69
:10307000C00B38EE400B13E09FED4B1BB4EE418BC1
:10308000F1EE10FAF1D130202070601C2E21017079
:10309000401C302101704CE0B2EE042B20EE020BFC
:1030A0000A00511ED2B2002AF6D1BDEEC00B10EEBE
:1030B000101A00220A2390FBF3F603FB160309AE55
:1030C0001700FFB246F82730521C0A2390FBF3F09A
:1030D0000028EFD11000C0B200281ED02000441CF0
:1030E00009AB1600F6B203EB860353F8043C002B41
:1030F00007D409AB1600F6B203EB860353F8043C81
:1031000007E009AB1600F6B203EB860353F8043C64
:103110005B4230330370521EDCE72800C0B2002847
:1031200007D000202E222270621C002914D13020EA
:10313000107016B0BDEC028BF1BD0A2391FBF3F4C5
:1031400003FB14136C460600F6B244F82630401C0C
:103150000A2391FBF3F16D1E2B00DBB2002BECD1A7
:103160000100C9B20029E4D011004A1C6B460400DA
:10317000E4B203EB840353F8043C002B07D46B4602
:103180000400E4B203EB840353F8043C07E06B460D
:103190000400E4B203EB840353F8043C5B42303395
:1031A0000B70401EDCE70000000000000000000083
:1031B000E88B28100069C84010F001007047012218
:1031C00012FA01F181607047012212FA01F14160A7
:1031D000704710B48900436C0F248C40A34312F055
:1031E0000F0212FA01F11943416410BC704780B517
:1031F000C9B200290ED00100C9B2082291FBF2F336
:1032000002FB1311494AC0B2C010C0011044FFF7BD
:10321000D6FF0DE00100C9B2082291FBF2F302FBD8
:103220001311424AC0B2C010C0011044FFF7CCFFD6
:1032300001BD80B50100C9B2082291FBF2F302FB87
:1032400013113A4AC0B2C010C0011044FFF7B2FFD8
:10325000C0B202BD10B5C9B200290BD1D2B2002A4A
:1032600002D0022A02D003E00F220BE00B2209E079
:103270000A2207E0D2B2042A01D10C2200E00E2279
:1032800012F007020100C9B2082391FBF3F403FB1B
:103290001411264BC0B2C010C0011844FFF799FFAB
:1032A00010BD2DE9F8418DB004000E0015001F007F
:1032B00034210022E8464046FFF77CFEF6B2002E9D
:1032C0000ED1FFB2002F02D0022F03D005E00F2055
:1032D00001900DE0082001900AE00820019007E02D
:1032E000FFB2042F02D10F20019001E00E200190C7
:1032F0002000C0B2C0280FD02100C9B208206A4601
:1033000091FBF0F300FB131108482300DBB2DB1044
:10331000DB01184400F0D9F92900C9B22000C0B27D
:10332000FFF765FF0EB0BDE8F081000000003140FE
:10333000022801D301200FE00B00DBB2042B01DBDC
:10334000012009E0954B03EB8000C9B2405C82424A
:1033500001D3012000E000207047F8B506000F00FF
:1033600015001C00022E01D301201CE02A003900A8
:10337000C9B23000FFF7DCFF012801D1012012E0C3
:103380003800C0B2002811D1B4F5807F0CD2844837
:103390007603304400EB850010F58050016864F33B
:1033A0000F2101600020F2BD0120FCE7FFB2012FD8
:1033B00010D1B4F5803F0BD279487603304400EB4E
:1033C000850010F5A050016864F317210160E9E75A
:1033D0000120E8E70120E6E700B20012C0B2704722
:1033E000F8B505000E001700280000B2FFF7F4FF43
:1033F00004002000C0B2022801D3012023E03A00DB
:103400003100C9B22000C0B2FFF792FF012801D1FC
:10341000012018E062492000C0B2400308442A009D
:10342000D2B200EB8200D0F8000CF6B266F30920AD
:1034300067F30700E4B264032144EDB201EB8501B8
:10344000C1F8000C0020F2BD70B504000D0016009C
:10345000022C01D301201CE032002900C9B2200057
:10346000FFF766FF012801D1012012E04C496003FB
:10347000085850F0004050F0407050F47F00EDB21A
:1034800065F3092066F30700620388506403085956
:10349000002070BDF8B504004FF4FA504443414D8C
:1034A000414E00212878C001304401F0F2FA14E0C6
:1034B0002878C001304401F0EEFAB842F8D33B4F0F
:1034C0003C192878C001304401F0E5FA3F18390072
:1034D0002878C001304401F0DCFA4CF25137BC428C
:1034E000E6D22878C001304401F0D5FA8442F8D2FF
:1034F000F1BD38B594B0502100226C462000FFF792
:1035000059FD2B4C00220121B4F90000FFF768FFA0
:10351000B4F90000FFF760FF092300220121C0B2C7
:10352000FFF71BFFB4F90000FFF756FF002201214F
:10353000C0B2FFF789FF5FF0FF30009000208DF8E8
:10354000040000208DF8050000208DF80600002002
:103550008DF8080003208DF844000120129001200E
:103560008DF807000F4C104D69462078C0012844A3
:1035700001F0CAF92078C001284401F085FA002141
:103580002078C001284401F084FA2078C001284442
:1035900001F091FA15B030BD00000000748F2810C2
:1035A000000004406512082800005940B03CFFFFAD
:1035B0006012082830B4614B1818C009604C14EB35
:1035C000001404290DD223681F25C8008540AB4391
:1035D000D2B212F01F02C90012FA01F119432160A0
:1035E0000CE0091F63681F25C8008540AB43D2B2B9
:1035F00012F01F02C9008A401A43626030BC704753
:10360000002A04D1012212FA01F1416003E00122F3
:1036100012FA01F18160704710B48900436C0F24E5
:103620008C40A34312F00F0212FA01F119434164D6
:1036300010BC704710B4836C01248C40A34312F07B
:10364000010212FA01F11943816410BC704710B4F1
:10365000C36C01248C40A34312F0010212FA01F161
:103660001943C16410BC704710B449001031C36CD9
:1036700003248C40A34312F0030212FA01F1194310
:10368000C16410BC70474269012212FA01F1416124
:103690004069704710B4836901248C40A34312F041
:1036A000010212FA01F11943816110BC704710B494
:1036B0004900036C03248C40A34312F0030212FA66
:1036C00001F11943016410BC7047F8B505000E0004
:1036D00014000027002D2ED0002C2CD022683100A1
:1036E0002800FFF78DFF227A31002800FFF762FFE4
:1036F000626931002800FFF79DFFA26931002800B0
:10370000FFF7A5FFE26931002800FFF7ADFF62680F
:1037100031002800FFF780FFE26831002800FFF742
:10372000C6FF31002800FFF7AEFF226931002800F4
:10373000FFF7B0FF00E0034F3800F2BD0000CFBF3D
:103740000000304001005A002DE9F041DFF8D0318F
:103750001C00DFF8D051D5F800C0DFF8CC512D683F
:10376000DFF8C8613668DFF8C8713F685FF0000EA7
:103770005FF0000E002800F0D080002900F0CD801E
:103780004C68002C01D18C6805E04C68022C01D1FA
:10379000002400E00224D1F810E0D1F81480C645DE
:1037A00002D3D1F810E001E0D1F814E0BEF1090F26
:1037B00008D23CF4404C91F82130002B12D05CF43C
:1037C000807C11E0BEF1110F03D2012363F38F3C23
:1037D000F1E7BEF1210F03D2022363F38F3CEAE746
:1037E00018009BE03CF4807CCB685B1E13F00F0359
:1037F0005FEA1C1C5FEA0C1C53EA0C0C012363F308
:10380000196CC0F800C00B7F002B01D0002300E032
:10381000012363F300054B681B0963F34105CB7E6D
:1038200063F304154B7E63F345150B68012B01D13F
:10383000012300E0002363F3DF7523005B0863F3DB
:10384000820564F3C3054B7F63F308258B7F63F325
:103850004925CB7F63F38A2591F8203063F3CB258C
:103860000B7913F0030363F3196505620B7E63F3B1
:1038700008278B7E63F349270B695B1E13F01F0338
:103880007F097F011F43C0F8007391F8243003F0D3
:10389000FF0310F5417425682D0A2D022B43236088
:1038A0000B7E63F308264B695B1E13F01F0376093A
:1038B00076011E43C0F8006291F82C3003F0FF033C
:1038C00010F5017425682D0A2D022B4323600B6B24
:1038D000C0F8883F8B6AC0F8C83F91F8383010F5BF
:1038E0007064256863F34925256091F8391010F557
:1038F00074631C6861F3CB241C600021C0F8C81EEF
:10390000002A09D000201060002090610020D060C3
:103910000020D0610748106200242000BDE8F0813B
:103920000140AA009C8F2810A08F2810A48F281077
:10393000A88F2810EFCDAB00022801D3012010E0A2
:103940000B00DBB2042B01DB01200AE0DFF80039B9
:1039500003EB8000C9B2405C824201D3012000E049
:1039600000207047F8B504000F0015001E00022C5F
:1039700001D301202AE02A003900C9B22000FFF754
:10398000DBFF012801D1012020E006983900C9B2EF
:1039900002291ED1B6F5803F19D2202817D24FF444
:1039A000C052DFF8B01863030B4403EB85031344E4
:1039B0001F6866F317271F606403214401EB85012C
:1039C00011440A6860F3C7020A600020F2BD0120BA
:1039D000FCE7FFB2032F1FD1B6F1807F1AD2202857
:1039E00018D24FF4E052DFF86C1863030B4403EB7A
:1039F000850313441F6807F0FF0757EA06271F6077
:103A00006403214401EB850111440A6860F3C70295
:103A10000A60DAE70120D9E70120D7E700B20012F7
:103A2000C0B27047F8B505000E001700280000B2BC
:103A3000FFF7F4FF04002000C0B2022801D30120E8
:103A400024E03A003100C9B22000C0B2FFF774FF91
:103A5000012801D1012019E0DFF8F8172000C0B2D9
:103A6000400308442A00D2B200EB8200D0F8000CD8
:103A7000F6B266F3092067F30700E4B26403214459
:103A8000EDB201EB8501C1F8000C0020F2BD70B56C
:103A900004000D001600022C01D301201DE03200AD
:103AA0002900C9B22000FFF747FF012801D10120FA
:103AB00013E0DFF8A0176003085850F0004050F002
:103AC000407050F47F00EDB265F3092066F3070003
:103AD0006203885064030859002070BDD0F8400389
:103AE0007047D0F80803C005C00D7047C0F84012F9
:103AF0007047D0F80802C005C00D7047D0F8080222
:103B0000C0F3C030704738B505002800FFF7F1FF5B
:103B100004002800FFF7F2FF0419002C01D1012056
:103B200000E00020C0B232BDC0F8C81F7047D0F816
:103B3000C80F7047C0F8C01FD0F8C00F7047C0F85A
:103B4000881F7047D0F8880F7047C0F8801FD0F8E2
:103B5000800F7047016851F000410160704770B5F7
:103B600006000124DFF8F0563000C0B255F82000FE
:103B7000FFF7DDFF40071FD53000C0B255F8200029
:103B8000FFF7AFFF002810D03000C0B255F820007A
:103B9000FFF7A4FFDFF8C4163200D2B28854012028
:103BA000DFF8BC163200D2B288540421F6B255F8C0
:103BB0002600FFF7BFFF0FE03000C0B255F820002D
:103BC000FFF7C0FF800507D54FF40071F6B255F836
:103BD0002600FFF7BAFF00242000C0B270BD38B540
:103BE00004001500C9B200290ED0102919D02029CF
:103BF00024D030292FD031293AD0402945D050291E
:103C000050D060295BD067E0DFF85806A060012043
:103C10002073112060734FF48C70E0811220208299
:103C200060E0DFF84406A06001202073112060737B
:103C300040F21D10E0816B20208253E0DFF82C065B
:103C4000A06001202073112060734FF48E70E0811A
:103C50006A20208246E0DFF81806A0600220207368
:103C60001120607340F21B10E0816920208239E04E
:103C7000DFF80006A060012020731120607340F27D
:103C80001B10E081692020822CE0DFF8EC05A060A9
:103C900001202073132060734FF48D70E081682041
:103CA00020821FE0DFF8D405A060012020731120DE
:103CB000607340F21F10E0816D20208212E0DFF877
:103CC000C005A06001202073112060734FF48F7035
:103CD000E0816C20208205E0BA22DFF8A8150020E0
:103CE000FFF7F3F8EDB2002D0ED0102D19D0202DD6
:103CF00024D0302D2FD0312D3AD0402D45D0502D0D
:103D000050D0602D5BD067E0DFF8580520600020C0
:103D10002071112060714FF48C70E081122020829C
:103D200060E0DFF844052060002020711120607100
:103D300040F21D10E0816B20208253E0DFF82C055B
:103D4000206000202071112060714FF48E70E0819E
:103D50006A20208246E0DFF81805206001202071EB
:103D60001120607140F21B10E0816920208239E04F
:103D7000DFF800052060002020711120607140F202
:103D80001B10E081692020822CE0DFF8EC04206029
:103D900000202071132060714FF48D70E081682045
:103DA00020821FE0DFF8D404206000202071112061
:103DB000607140F21F10E0816D20208212E0DFF878
:103DC000C004206000202071112060714FF48F70BA
:103DD000E0816C20208205E0FE22DFF8A81400209C
:103DE000FFF773F831BD38B50400DFF86C54C9B281
:103DF0002000C0B255F82000FFF778FE2000C0B2C6
:103E000055F82000FFF77FFE0028F7D031BD38B508
:103E100004000D0005E029782000C0B2FFF7E3FFA1
:103E20006D1C28780028F6D131BDDFF8341402006B
:103E3000D2B2895C0029F8D0DFF82014C0B2085C47
:103E4000704710B40022DFF818340200D2B29A5C36
:103E5000002A0AD0DFF804240400E4B2125D0A70DC
:103E60000021C0B21954012000E00020C0B210BCF3
:103E7000704770B505000C00DFF8DC632800C0B2A5
:103E800056F82000FFF75EFE4008400001002800C1
:103E9000C0B256F82000FFF752FE2800C0B256F814
:103EA0002000FFF74FFE30F0020001002800C0B2F2
:103EB00056F82000FFF743FE2800C0B256F8200055
:103EC000FFF740FE30F0200001002800C0B256F895
:103ED0002000FFF734FE2800C0B256F82000FFF79C
:103EE00031FE30F0400001002800C0B256F820003A
:103EF000FFF725FE2800C0B256F82000FFF722FE8B
:103F000030F0100001002800C0B256F82000FFF782
:103F100016FE2800C0B256F82000FFF713FE30F45A
:103F2000807001002800C0B256F82000FFF707FE9D
:103F30002800C0B256F82000FFF704FE30F480607D
:103F400001002800C0B256F82000FFF7F8FD002C51
:103F50000ED02800C0B256F82000FFF7E8FD50F45C
:103F600000700100EDB256F82500FFF7E8FD0DE006
:103F70002800C0B256F82000FFF7D9FD30F40070D9
:103F80000100EDB256F82500FFF7D9FD70BD70B500
:103F900005000C00DFF8C0622800C0B256F820000F
:103FA000FFF7C5FD4008400001002800C0B256F8E8
:103FB0002000FFF7B9FD2800C0B256F82000FFF737
:103FC000B6FD30F0080001002800C0B256F820000D
:103FD000FFF7AAFD2800C0B256F82000FFF7A7FDA2
:103FE00030F0200001002800C0B256F82000FFF792
:103FF0009BFD2800C0B256F82000FFF798FD30F472
:10400000807001002800C0B256F82000FFF78CFD38
:104010002800C0B256F82000FFF789FD30F4007088
:1040200001002800C0B256F82000FFF77DFD2800EF
:10403000C0B256F82000FFF77AFD30F400600100AE
:104040002800C0B256F82000FFF76EFD002C0ED0FD
:104050002800C0B256F82000FFF769FD50F00400B8
:104060000100EDB256F82500FFF75EFD0DE02800D7
:10407000C0B256F82000FFF75AFD30F004000100EE
:10408000EDB256F82500FFF74FFD70BD2DE9F04168
:104090002DED028BA8B005000E0017002800390096
:1040A000C9B20909C0B2884201D1012000E0002054
:1040B0001C00DFF8D0814FF4FB724146C0B2FEF71E
:1040C00004FF28002100C9B20909C0B2884201D109
:1040D000012000E0002040F2F7124146C0B2FEF796
:1040E000F4FE02A8142100F0EDFC342100220DF1B1
:1040F00068084046FEF75EFF4C2100220DF11C08C7
:104100004046FEF757FF082080B206FB00F65E48E7
:10411000B0FBF6F85C4806FB180000EE100AB8EE9B
:10412000400B01EE106AB8EE411B80EE010BBFEEB2
:10413000ED0B10EE100B08EE100A2200D2B239007F
:10414000C9B202A8FFF74BFD08201B909DF80D0097
:104150008DF870001AAA9DF80C100298FFF7B5FAB6
:1041600006201B909DF815008DF870001AAA9DF886
:1041700014100498FFF7A9FA00200790082008906F
:104180000820099002200B9000200C900020129033
:1041900000201490304C2800C0B254F8200000F0E9
:1041A000D7FD3A492A00D2B2382042430A4407A92F
:1041B0002800C0B254F8200000F088FC2800C0B2EB
:1041C00054F82000FFF7C6FC2A00D2B20321BDF943
:1041D0001600FFF727FCBDF91600FFF71FFC8DED59
:1041E000008AB8F1010843462A00D2B20321C0B2C6
:1041F000FFF7B8FBBDF91600FFF710FC2A00D2B29A
:104200000321C0B2FFF743FCBDF91800ADF8000070
:104210000320ADF8020001208DF8040007221C489D
:104220002900C9B250F82110684600F0B1FA002107
:104230002800C0B2FFF7ABFE00212800C0B2FFF794
:1042400018FE28B0BDEC028BBDE8F0810000000034
:10425000748F2810000004403C120828B4960928E6
:10426000BC96092800003140000231400005314071
:104270008008314080063140000731400001314064
:10428000800131400C8D281000B4C40440900928EE
:10429000201208280CB430B583B00A4606A9029152
:1042A000044600250194009502AB01A90848784412
:1042B0001E30FBF7E8FE019A157000284EBF044639
:1042C0000198041B204603B030BC5DF80CFB00BF16
:1042D000F3CCFFFF82688918816003E0826841693E
:1042E000521A8260816842699142F7D27047C2686F
:1042F0008918C16003E0C2684169521AC260C1688E
:1043000042699142F7D2704770B50400002C01D089
:10431000012000E000205422DFF8C413C0B2FEF7F1
:10432000D4FD0025207850F0010020700020A0600E
:104330000020E060606920616078002803D00228D6
:1043400010D007D315E06169002266683000FEF7DF
:1043500031FE0EE061694900002266683000FEF718
:1043600029FE06E061698900002266683000FEF7D8
:1043700021FE002020702800C0B270BD10B50400DE
:10438000002C01D0012000E000207022DFF8501343
:10439000C0B2FEF79AFD60692169401A10BD2DE98F
:1043A000F84305001600002D01D0012000E0002098
:1043B0000C00AA22DFF82813C0B2FEF786FD002702
:1043C0000020002C01D10327B5E0287810F0050F5C
:1043D00001D00427AFE0287850F004002870286945
:1043E000B042C0F0A380D5F81480A868B8EB0008EC
:1043F000B04567D26878002803D0022841D01FD387
:1044000090E0424621006868AB6800EB030948462B
:10441000FCF744FE41462800FFF75CFFB6EB0802BC
:1044200004EB08016868AB6800EB03042000FCF7AC
:1044300035FEB6EB080841462800FFF74BFF71E058
:104440005FEA480221006868AB6800EB4309484610
:10445000FCF724FE41462800FFF73CFFB6EB0802BC
:10446000520004EB48016868AB6800EB430420008D
:10447000FCF714FEB6EB080841462800FFF72AFFB8
:1044800050E05FEA880221006868AB6800EB8309AE
:104490004846FCF703FE41462800FFF71BFFB6EB3A
:1044A0000802920004EB88016868AB6800EB8304A3
:1044B0002000FCF7F3FDB6EB080841462800FFF7A3
:1044C00009FF2FE06878002803D002281DD00ED302
:1044D00028E0320021006868AB6800EB030420008C
:1044E000FCF7DCFD31002800FFF7F4FE1AE0720053
:1044F00021006868AB6800EB43042000FCF7CEFDA8
:1045000031002800FFF7E6FE0CE0B20021006868E9
:10451000AB6800EB83042000FCF7C0FD31002800ED
:10452000FFF7D8FE2869861B2E6100E00527287852
:1045300010F0FB0028703800C0B2BDE8F2832DE90E
:10454000F04705000E001F00002D01D0012000E003
:1045500000201400DFF8888140F25B124146C0B2AF
:10456000FEF7B3FC002C01D0012000E000204FF446
:10457000AE724146C0B2FEF7A8FC5FF00008002012
:104580000020002E02D15FF003088BE0297811F0A3
:10459000030F03D020605FF006089CE02800FFF7BF
:1045A000EDFE2168884209D220605FF007080028EC
:1045B00004D1287810F0F70028708CE0287850F0AB
:1045C00008002870D5F81490E868B9EB0009206855
:1045D000814522D36878002803D0022813D008D35D
:1045E0005CE022686868E96801443000FCF756FD29
:1045F00054E0226852006868E96800EB410130002D
:10460000FCF74CFD4AE0226892006868E96800EB1C
:1046100081013000FCF742FD40E06878002803D0BB
:10462000022827D011D339E04A466868E968014476
:10463000B2465046FCF732FD2268B2EB09026968C7
:104640004E443000FCF72AFD28E05FEA4902686822
:10465000E96800EB4101B2465046FCF71FFD2268B5
:10466000B2EB09025200696806EB49063000FCF71C
:1046700015FD13E05FEA89026868E96800EB8101D3
:10468000B2465046FCF70AFD2268B2EB09029200DE
:10469000696806EB89063000FCF700FD287810F009
:1046A000F7002870FFB2002F15D128780B2802D10F
:1046B0005FF002080FE0287850F0020028702168AF
:1046C0002800FFF714FE296920684118296128781D
:1046D00010F0FD0028704046C0B2BDE8F087000031
:1046E0009C8C2810010009B2002908D4012210F086
:1046F0001F018A401B4900B2400941F82020704741
:10470000010009B2002908D4012210F01F018A40DB
:10471000154900B2400941F820207047020012B24A
:10472000002A04D44901114A00B2115407E049019A
:104730000F4A00B210F00F00104400F8041C70473C
:10474000002800D162B60B480168491C016070471F
:1047500072B608490868002802D00868401E086040
:104760000868704700E100E080E200E000E400E05B
:1047700018ED00E0FC96092880B5FFF7E9FF00F08E
:104780002FFB01BD80B5C9B200B2FFF7C7FF01BD65
:1047900070B504000D001600200000F031FB290068
:1047A000B4F9000000F06BFB3100C9B2B4F90200AB
:1047B000FFF7E8FFB4F90200FFF7A2FFB4F9020027
:1047C000FFF790FF70BD000010B50446AFF3008006
:1047D000204600F005F80446AFF30080204610BDE7
:1047E000F8B500F10F04E408E400A0422BD2082C35
:1047F00004D2082402E0083000F047F8DFF8002176
:104800001368190005D1002007E00568A5420DD204
:10481000011D08680028F8D11868111D00E0191D55
:104820000B6883420BD01D68A542F8D359B10B68C1
:1048300018680838A04208D2586808600FE000F0F5
:1048400035FB0028D7D10020F2BD181908601D1DC6
:10485000586828511E680F68361B3E601C60096846
:1048600000291DBF48680028081D0020106003F1C2
:104870000800F2BD10B5040006D0AFF3008020465A
:1048800000F003F8AFF3008010BD002800D170479E
:1048900070B4A0F108021368072B2ED913F0070F8C
:1048A0002BD1DFF85C40616809B18A4203D25160C4
:1048B000626015E00146486808B19042FAD3086882
:1048C0000E18B24219D3964203D11B180B600A4648
:1048D00006E0486810B1134498420ED350604A6015
:1048E000506850B11368D518854206D1002626605D
:1048F0000168CB1813604068506070BC70470000BE
:10490000C4960928FFF7B6BF10B4012291F84C30C5
:10491000052B03D291F84D30052B01D31000A7E0F1
:10492000002800F0A480002900F0A180514A1268FC
:104930004B7963F392428B7913F0030363F31142D3
:104940000B7A13F0070363F31A62CB7963F39E7259
:104950000B7D63F3000291F8243063F3410202609F
:104960000A7910F130031C6862F307041C604A796D
:10497000012A0BD18A79002A02D10022826007E045
:104980008A79012A04D10A68826001E001228260EA
:10499000CA6802610A694261CA6982610A6AC261BF
:1049A0000A680262344A12680B7E03F0FF03120A9F
:1049B00012021A4391F8303003F0FF0363F31742F9
:1049C00091F8403003F0FF0363F31F6291F8483021
:1049D00003F0FF0363F30F224264284A126891F840
:1049E000383003F0FF03120A12021A4391F82830FC
:1049F00003F0FF0363F30F228264214A12688B7D68
:104A000013F00303920892001A4391F8253013F033
:104A1000030363F38B2291F82C3013F0030363F349
:104A2000051291F8343013F0030363F3092291F86F
:104A30003C3013F0030363F3871291F8443013F012
:104A4000030363F38302C2640E4A126891F84C3088
:104A500013F00703D208D2001A4391F84D3013F037
:104A6000070363F306124265497D81670022100047
:104A700010BC7047DC8F2810E08F2810E48F2810BE
:104A8000E88F2810EC8F2810016851F00041016078
:104A9000704781607047806870477830016851F0D6
:104AA00001010160704710F170010A6852F00102C3
:104AB0000A60006F70474030016851F010010160DA
:104AC00070470000002200F007BA00002DE9F44F03
:104AD000DFF8D822DFF8D8321B68DFF8D842246824
:104AE000DFF8D4522D68DFF8D4623668DFF8D07270
:104AF0003F68DFF8D0C2DCF800C0DFF8CCE2DEF8B7
:104B000000E0DFF8C882D8F80080DFF8C492D9F856
:104B10000090DFF8C0A2DAF800A0002800F01581AC
:104B2000002900F012810A68022A06D191F8262095
:104B3000002A02D15FF0000B03E0D1F804B0BBF112
:104B4000010B91F82420002A01D0012200E000226C
:104B500062F3104333F440436BF30303022262F326
:104B6000196303600A7812F0030262F319640464A3
:104B700091F82520002A01D0012200E0002262F3F2
:104B80008615CA7E002A01D0012200E0002262F3CD
:104B90008A254A7E002A01D0012200E0002262F329
:104BA00008258A7E002A01D0012200E0002262F35B
:104BB00049258A6B521E12F00F0262F313450A69EF
:104BC000521E12F00702ED08ED0015434A6962F328
:104BD00004154A69520862F3451585640A7B002A68
:104BE00001D0012200E0002262F308260A7E002A9A
:104BF00001D0012200E0002262F349268A68521E99
:104C000012F01F02760976011643C0F800630A7F8E
:104C100002F0FF023F0A3F02174391F8202002F002
:104C2000FF0262F31747C0F8107391F82720002A9B
:104C300001D0012200E0002262F3082C0A69521E12
:104C400012F007025FEADC0C5FEACC0C52EA0C0CB3
:104C50004A6962F3041C4A69520862F3451CC0F8B1
:104C600044C00A7B002A01D0012200E0002262F346
:104C7000082E8A68521E12F01F025FEA5E1E5FEA6B
:104C80004E1E52EA0E0E0A68012A01D1012200E0EE
:104C9000002262F3104EC0F800E291F83C2002F0CE
:104CA000FF025FEA18285FEA082852EA0808C0F8FD
:104CB000048391F82820002A01D0012200E000227C
:104CC00062F35969CA6A012A01D1012200E0002277
:104CD00062F318694A6B012A01D1012300E0002325
:104CE000009A63F3104991F8303003F0FF035FEA54
:104CF00019295FEA092953EA0909C0F8509091F887
:104D0000443003F0FF035FEA1A2A5FEA0A2A53EAF3
:104D10000A0AC0F804A28B6CC0F8883F096CC0F87E
:104D2000C81F002A10D00020506000201060002012
:104D300090600020D060002010620020D06200202F
:104D40001063DFF89400506300221000BDE8F28F7A
:104D5000DFF8881001605FF4401101640021816474
:104D600040F20711C0F800130022C0F8042300220B
:104D7000C0F8102300224264C0F800120021C0F8DD
:104D80000412002101650021C0F8C81E0021C0F8EE
:104D9000881E0021C0F8C81F0021C0F8881F00210C
:104DA000C0F8081F0021C0F8481F70470160AA0022
:104DB000AC8F2810B08F2810B48F2810B88F28100F
:104DC000BC8F2810C08F2810C48F2810C88F2810BF
:104DD000CC8F2810D08F2810EFCDAB000F00000330
:104DE000002007E00549C2018A5822F00042C301B1
:104DF000CA50401C3F28F5DB7047000000005840B7
:104E000030B40021234A1368234A1468002832D0A2
:104E1000224A1568C5F303250E2D0FD01268C2F380
:104E200003220D2A28D1827812F00F0224092401CE
:104E300014430279002A15D0012214E0827812F07E
:104E40000F021B091B0113430279002A01D0012222
:104E500000E0002262F3DF73114AB0F9000042F86B
:104E6000203009E0002262F3DF740E4AB0F900003E
:104E700042F8204000E00649080030BC70470A4B69
:104E80001A68002A03D01A6800B242F8201070474E
:104E900001005600D48F2810D88F28100000204021
:104EA00000A0204000C02040BC1108280749086825
:104EB00008B1002070470648C008C00008600549D6
:104EC000C908C900091A0160704700BF189709286E
:104ED00007DC0B2800E00B2800B500BF1300964646
:104EE0009446103928BFA0E80C50FAD85FEA417CFC
:104EF00028BF0CC048BF40F8042BC90728BF20F8C2
:104F0000022B48BF00F8012B00BD0000DFF8C411E0
:104F10000868C0F34000002801D0022002E00868C1
:104F200010F001007047DFF8B001006810F00100D8
:104F300070470000C21E022A01D3012002E0C01EF9
:104F40000860002070471CB5FF246946FFF7F2FF98
:104F5000C0B2002802D02000C0B207E0DFF8FC0198
:104F6000009950F8210010F00100C0B216BD0000F9
:104F7000002801D0032801D3012002E0401E086070
:104F8000002070471CB5FF246946FFF7F1FFC0B24F
:104F9000002802D02000C0B208E0DFF8C401009968
:104FA00009010844C06810F00100C0B216BD00003D
:104FB000DFF8BC010068800810F00100704738B5C8
:104FC00004002000C0B2082811D3DFF8985118223D
:104FD000DFF89411280000F00DFC0020E87540F681
:104FE0005B00DFF888110860002000F03BFCDFF870
:104FF000CC112000C0B251F82000C0F300200028DE
:1050000005D0E4B251F8240010F00F0000E0FF20BA
:1050100032BD38B504002000C0B2082811D3DFF833
:1050200044511822DFF84011280000F0E3FB002073
:10503000E8754FF40960DFF834110860002000F0D3
:1050400011FCDFF87801E4B250F82400C0F301103D
:10505000C0B232BDDFF868211368C3F307230360D1
:105060001068C0F3C40008607047DFF85821136867
:10507000C3F3072303601068C0F3C40008607047DF
:1050800038B50400072C11D3DFF8D8501822DFF808
:10509000C411280000F0AEFB0020E8754FF4CE707C
:1050A000DFF8C8100860002000F0DCFBDFF8A0018A
:1050B00050F8240010F00700010009B2042907D1BC
:1050C000DFF8880150F8240010F01F0050F48070C1
:1050D00000B232BD2415264040152640DFF8B0123C
:1050E00009688A03920B0260090E11F00101C17177
:1050F000DFF8A01209680A00D204D20C82800A00EC
:10510000120C02F0FF020281090C01F0FF01418143
:10511000DFF84411096811F00F0202730A00C2F3AC
:10512000031242730A00120AD204D20CC281090F80
:1051300011F003010174DFF8641309680A00120A10
:1051400012F0070282710A00120CD205D20D4282BF
:10515000890F11F0010101757047000040162640CB
:105160000019264010960928BC8A2810CC960928D8
:10517000100027401CB50C006946FFF7DBFE01005C
:10518000C9B2002901D0C0B217E0DFF8B404009919
:1051900050F8210010F07F012160C0F3042161600C
:1051A000C0F30441A1600100090F11F00301617314
:1051B000C00E10F001002073002016BD40122640E2
:1051C00008002040080420401CB50C006946FFF789
:1051D000CFFE0100C9B2002901D0C0B235E0DFF82E
:1051E000101500980001085800F0FF022260C0F37B
:1051F00004226260C0F30442A260000F10F00300BA
:10520000207300980001084442681000C00F6073CA
:10521000C2F30270002801D0012000E00020A0733A
:1052200022F07F422261009800010844806801005A
:10523000C90F21750100090E11F001016175A075FA
:10524000000C10F00700E075002016BD000126409C
:1052500000122640088B28103815264080B5010022
:10526000DFF868051822FBF729FF0120DFF8601539
:105270000870002002BDDFF85C150968C90F00291D
:1052800008D0DFF84C150978002907D1002101600A
:1052900003207047002101600320FAE7DFF82C1596
:1052A000096801600020F4E710B50400FFF72EFE46
:1052B000002803D10020206003200DE0DFF8100556
:1052C0000078002805D0DFF8040580682060002001
:1052D00002E000202060032010BD0000DFF8F01481
:1052E0000978002905D0DFF8E4144968016000203E
:1052F00002E00021016003207047DFF8DC14096838
:10530000C90F002908D0DFF8C8140978002907D18F
:105310000021016003207047002101600320FAE7AB
:10532000DFF8A814C96801600020F4E7DFF8AC14C6
:105330000968C90F002908D0DFF8941409780029FA
:1053400007D1002101600320704700210160032084
:10535000FAE7DFF87814096901600020F4E710B576
:105360000400FFF725FE002803D100202060032061
:105370000DE0DFF85C040078002805D0DFF84C046D
:1053800040692060002002E000202060032010BD62
:10539000301526403415264010B50C00C0B2FFF77A
:1053A0006FFE00280ED0012810D0022812D0B0F5D0
:1053B000887F13D040F21111884213D0B0F58A7F54
:1053C00014D017E02000FFF756FF16E02000FFF78B
:1053D00085FF12E02000FFF767FF0EE02000FFF7D7
:1053E0008CFF0AE02000FFF7BAFF06E02000FFF77D
:1053F0009DFF02E000202060032010BD80B5010069
:105400000020FFF7C9FF02BD80B50322D2B282425D
:1054100003D200200860012003E0401CC0B2FFF767
:10542000BBFF02BD18B587B004006846FFF7E6FF72
:105430000100C9B2002903D000212160C0B22BE0D5
:1054400001A8FFF74BFE9DF81400022803D1009835
:105450002060002020E0DFF888030068C00F0028EB
:1054600008D0FFF760FDC0B2002807D100202060FF
:10547000032011E00098206000200DE000990198C1
:105480004143BDF80800B1FBF0F09DF80B10491C3A
:10549000B0FBF1F02060002008B010BD3C152640A4
:1054A000F0B58BB005000C0069462800C0B2FFF7CC
:1054B000ABFF0100C9B2002903D000212160C0B2B6
:1054C000BCE02800C0B202284CD307A92800C0B213
:1054D000401CFFF74FFEC0B2002811D0DFF8046374
:1054E0001822DFF80413300000F084F90020F07572
:1054F00040F66310DFF8F4120860002000F0B2F903
:105500004F482900C9B200EB810050F8080CC00FC9
:10551000002807D09DF82900022807D100982060B4
:1055200000208BE000982060002087E0EDB26D1C29
:105530002800FFF708FD0100C9B2002902D0C0B25F
:10554000FF2803D100202060032077E0009907980E
:1055500041430898B1FBF0F00999B0FBF1F02060ED
:1055600000206BE001A92800C0B2401CFFF72CFE10
:10557000C0B2002811D0DFF86C621822DFF8681280
:10558000300000F037F90020F07540F67F10DFF8AA
:105590005C120860002000F065F955482900C9B286
:1055A00009014058C00F002807D09DF810000228BC
:1055B00007D100982060002040E000982060002083
:1055C0003CE0EDB26D1C2800FFF7DCFC0100C9B225
:1055D000002902D0C0B2FF2803D1002020600320A0
:1055E0002CE09DF8110001281DD1009A0023019E96
:1055F00000273F0647EA1627360605980021361889
:105600004F41A6FB020106FB031107FB0211029AA0
:10561000039BA3FB0223FBF7BBFE000E40EA012025
:10562000090E206009E00099019841430298B1FBFE
:10563000F0F00399B0FBF1F0206000200BB0F0BD5A
:105640000016264010B50323421E0400E4B2002CCD
:1056500003D10800FFF7E6FE0CE01400DBB2E4B271
:10566000A34204D31000C0B2FFF71AFF02E0C0B299
:10567000FFF792FE10BD38B505000C002800C0B23F
:10568000FFF79DFC0100C9B2FF2904D12000FFF7FC
:10569000F2FDC0B21BE06946C0B2FFF7D3FF0100C4
:1056A000C9B2002903D000212160C0B20FE0280058
:1056B000C0B2FFF7AEFCC0B2002805D002280BD064
:1056C00006D303280CD00FE000982060002032BDE4
:1056D000009840082060F9E7009880082060F5E70E
:1056E0000098C0082060F1E7002020600320EEE76A
:1056F000001926401FB5040002A90120FFF7BBFFD7
:105700000100C9B2002903D000212160C0B21AE013
:10571000694601A8FFF79EFC01980021421C71F127
:10572000FF335B0143EAD263520100980021121853
:105730004B4102980021490141EAD0614001FBF749
:1057400027FE2060002004B010BD1FB5040002A990
:105750000120FFF790FF0100C9B2002903D000210A
:105760002160C0B21AE0694601A8FFF77EFC0198EB
:105770000021421C71F1FF335B0143EAD263520105
:105780000098002112184B4102980021490141EA7A
:10579000D0614001FBF7FCFD2060002004B010BD8B
:1057A00080B5DFF84C100A68C2F303220E2A07D036
:1057B0000968C1F303210D2905D1FFF7C6FF02BD1A
:1057C000FFF798FFFBE70120F9E70000F8950928AB
:1057D0002297092818152640081526400C15264042
:1057E0003015264010960928088B2810CC960928D9
:1057F0000000204001B58B071AD1830724D1121F66
:1058000021D351F8043BA3F1013C2CEA030C1CF01A
:10581000803C04BF40F8043BF1E79CFA8CFCBCFAE6
:105820008CF1C1F118018B40CB4040F8043B13E0F0
:10583000042A09D311F8013B521E00F8013B5BB169
:105840008B07F7D1D9E7121D5AB111F8013B521E4F
:1058500000F8013B03B1F8D111001CBF0022FDF795
:10586000ADFB01BD01BEFEE780B5234A23490B68AD
:1058700093423ED00A60224A12684A62214A8A62F2
:1058800002684A6042688A608268CA60C2680A61C7
:1058900002694A6142698A618269CA61C2690A62AF
:1058A000F1EE102A12F0900F23D0174A8A62026A92
:1058B000CA62426A0A63826A4A63C26A8A63026B84
:1058C000CA63426B0A64826B4A64C26B8A64026C6C
:1058D000CA64426C0A65826C4A65C26C8A65026D54
:1058E000CA65426D0A66826D4A66C26D8A66006E3E
:1058F000C86600F00BF801BDFAF9F8F740950928E1
:1059000028ED00E0A4A3A2A1ABAAA9A8FEE700008D
:1059100070B504000D00DFF834682A0092B2120A54
:10592000D2B22100C9B2300000F080FE2A00D2B20B
:10593000F021300000F07AFE70BD2DE9F047040040
:105940000D00012600275FF000085FF00A094846B5
:1059500040B2002836D0484640B2052190FBF1F213
:1059600001FB1200002810D1DFF8E0A72A0092B254
:10597000120AD2B22100C9B2504600F057FE2A00E6
:10598000D2B2F021504600F051FEDFF8C0A721004E
:10599000C9B2504600F072FE0700F021504600F0F8
:1059A0006DFE8046280080B23900C9B24246D2B2AC
:1059B00052EA0122904202D10020060002E0B9F131
:1059C0000109C4E7300040B2BDE8F08770B50400BB
:1059D000DFF878672100C9B2300000F04FFE050003
:1059E000F021300000F04AFEEDB2C0B250EA0520CE
:1059F00080B270BDF8B50400002500260127DFF84D
:105A00004C075C210172E168C16021680160616836
:105A100041600020FFF7DAFF0600300041F2243138
:105A200080B288420BD0300041F2113180B28842FE
:105A300005D0300041F2133180B2884202D10020FB
:105A4000070004E06D1C2800C0B21528E1DB380017
:105A5000C0B2F2BD2DE9F14F8AB05FF0000A002418
:105A60000020ADF8200000250020ADF80600002041
:105A7000ADF81E000020ADF81C0000265FF0000805
:105A800000270A98C088ADF808000A984089ADF848
:105A90000A000A98C089ADF80C000A98408AADF84F
:105AA0000E000A98C08AADF810000A98408BADF835
:105AB00012000A98C08BADF814000A98408CADF81B
:105AC00016000A98C08CADF81A004BF6EF61FE2064
:105AD000FFF71EFF03210C20FFF71AFF0020FFF73E
:105AE00075FF070041F224393800494680B28842E8
:105AF0000BD0380041F2113180B2884205D0380015
:105B000041F2133180B2884200D109E018F1010856
:105B10004046C0B2142802DB0120060000E0DDE7A9
:105B20003000C0B2002840F00C83BDF81000792886
:105B300007DABDF810008000ADF806005AF0020A3E
:105B400015E0BDF81000F12807DABDF8100040009C
:105B5000ADF806005AF0010A09E0BDF8100040F265
:105B6000E111884203DABDF81000ADF80600BDF877
:105B70000E00BD2806DABDF80E00800005005AF0C0
:105B8000080A15E0BDF80E0040F27911884206DAE5
:105B9000BDF80E00400005005AF0040A08E0BDF808
:105BA0000E0040F2F121884202DABDF80E00050035
:105BB000DFF89CB540F24E31280080B2091ACBF8CC
:105BC00000103800494680B288427AD148F28831C4
:105BD0000720FFF7B2FE80190600DFF87815BDF840
:105BE0001020921C2B009BB2DBF80000C3185A4314
:105BF000121D91FBF2F00400200080B240F2F5117A
:105C0000884202DB4FF4FA7004002000BDF80C104B
:105C100080B2884201D2ADF80C40DFF83C15DFF8C5
:105C20003405BDF80C2090FBF2F2121F2B009BB242
:105C3000DBF80000C31892FBF3F2BDF81000121A53
:105C40000A6047F621600A68824202DA0A68022A7C
:105C50000EDA0A68022A02DA0220086008E00A68FE
:105C6000824203DB47F62060086001E008680860B4
:105C7000DFF8E004BDF80C2090FBF2F2121F096877
:105C8000BDF81000411892FBF1F1280080B2091A0A
:105C9000CBF80010DBF800003D2803DA3D20CBF8FC
:105CA000000081E0DBF80000B0F5806F04DB40F21B
:105CB000FF30CBF8000077E0DBF80000CBF8000005
:105CC00072E0DFF89014BDF81020121D2B009BB27B
:105CD000DBF80000C3185A43121D91FBF2F00400D8
:105CE000200080B240F2F511884202DB4FF4FA70D6
:105CF00004002000BDF80C1080B2884201D2ADF83B
:105D00000C40DFF85414DFF84C04BDF80C2090FB75
:105D1000F2F2121F2B009BB2DBF80000C31892FBBB
:105D2000F3F2BDF81000121A0A6040F6B9300A68A2
:105D3000824202DA0A68042A0EDA0A68042A02DABF
:105D40000420086008E00A68824203DB40F6B830AD
:105D5000086001E008680860DFF8F803BDF80C206F
:105D600090FBF2F2121F0968BDF81000411892FB77
:105D7000F1F1280080B2091ACBF80010DBF800001E
:105D80002B2803DA2B20CBF800000DE0DBF8000015
:105D9000B0F5806F04DB40F2FF30CBF8000003E089
:105DA000DBF80000CBF80000DFF8AC030168BDF8B9
:105DB00010004118891EBDF80A00814208DADFF898
:105DC00098030168BDF810004118881EADF80A005C
:105DD000280080B2D0F53C70022190FBF1F0BDF9B3
:105DE0001210020012B2D14203DA010009B2494294
:105DF00009E00100BDF9122009B2914201DA010067
:105E000001E0BDF91210ADF81210401CBDF91210DE
:105E1000411AADF81E10BDF80610D1F5F07102223E
:105E200091FBF2F1BDF914200B001BB2DA4203DA48
:105E3000080000B2404209E00800BDF9142000B299
:105E4000904201DA080001E0BDF91400ADF8140039
:105E5000091DADF82010BDF92010BDF9140041183E
:105E6000ADF81C1001211B20FFF767FD80198DF88C
:105E700004009DF804000090BDF81E100120FFF7FB
:105E80005CFD009940188DF804009DF80400009016
:105E9000BDF81C100220FFF750FD009940188DF846
:105EA00004009DF804000090BDF806100320FFF7E1
:105EB00044FD009940188DF804009DF804000090FE
:105EC000290089B20420FFF738FD009940188DF8A9
:105ED00004009DF804000090DBF80000010089B286
:105EE0000520FFF72AFD009940188DF804009DF861
:105EF00004B099480068010089B20620FFF71DFD33
:105F000010EB0B0B8DF804B09DF804B04FF4B27198
:105F10000A20FFF712FD10EB0B0B8DF804B09DF873
:105F200004B040F2BB110820FFF707FD10EB0B0B8C
:105F30008DF804B09DF804B040F2D9110920FFF7A4
:105F4000FCFC10EB0B0BBDF80800002807D1BDF8D6
:105F50000A100B20FFF7F1FC10EB0B0083465AF4FC
:105F60004C7189B20D20FFF7E8FC10EB0B008DF8A7
:105F700004009DF8046027213120FFF7DEFC86191C
:105F80008DF804609DF804601A213220FFF7D5FCDB
:105F900086198DF804609DF8046005213320FFF711
:105FA000CCFC8619BDF816103520FFF7C6FC801909
:105FB0008DF80400380080B2484529D1504680B29F
:105FC000042801DB012100E000219DF80460C9B232
:105FD000090189B27220FFF7B0FC86198DF80460C0
:105FE0009DF8049040F201110F20FFF7A6FC10EB82
:105FF000090981214720FFF7A0FC83461BEB090B11
:10600000EC214820FFF799FC060016EB0B0615E083
:106010009DF8049011210F20FFF78FFC10EB090968
:1060200081214720FFF789FC83461BEB090BE72101
:106030004820FFF782FC060016EB0B064FF4627156
:106040000720FFF77AFC80198DF804009DF804B052
:1060500040F203311C20FFF770FC10EB0B0B032107
:106060002C20FFF76AFC814619EB0B09BDF80800EC
:10607000002807D10021AF20FFF75FFC060016EBD8
:1060800009064DE0BDF80810A520FFF756FC0600F4
:1060900016EB09060221A620FFF74FFC83461BEBF7
:1060A000060B0221A820FFF748FC10EB0B008DF82F
:1060B0000400BDF80E10BDF810004143042091FB10
:1060C000F0F0B0F5803F08DABDF80E10BDF8100012
:1060D0004143042091FBF0F101E04FF6FF719DF880
:1060E000046089B2B020FFF728FC86198DF804609F
:1060F0009DF804901421AE20FFF71FFC10EB090956
:1061000040F20111AF20FFF718FC83461BEB090B8F
:10611000BDF80A10AD20FFF710FC060016EB0B06C9
:10612000BDF808000D490860BDF80A000C49086078
:10613000BDF810000B4908604DF6AD61FE20FFF779
:10614000E7FB3000C0B20BB0BDE8F08F84960928A1
:1061500008970928C0FC9B01049709280C97092877
:1061600010970928149709281CB50400002C01D0A9
:10617000012000E000204122DFF8A414C0B2FCF7A7
:10618000A4FEDFF8A00401212278D21010EBC21285
:10619000237813F0070311FA03F313602279D21066
:1061A00010EBC210227912F0070211FA02F202601B
:1061B000E06800900098421E00920028FAD1DFF8B3
:1061C00068242079C01012EBC010237913F0070364
:1061D00011FA03F30360E06800900098431E0093F7
:1061E0000028FAD12078C01012EBC012207810F0ED
:1061F000070081401160E06800900098411E009106
:106200000028FAD113BD1CB50400002C01D00120D8
:1062100000E000205522DFF80814C0B2FCF755FE5C
:10622000DFF8040401212279D21010EBC212237985
:1062300013F0070311FA03F313602278D21010EB66
:10624000C210227812F0070211FA02F20260E0682E
:1062500000900098421E00920028FAD1DFF8C42373
:106260002078C01012EBC010237813F0070311FA46
:1062700003F30360E06800900098431E0093002839
:10628000FAD12079C01012EBC012207910F007006B
:1062900081401160E06800900098411E0091002844
:1062A000FAD113BD38B504000D00002C01D0012037
:1062B00000E000206A22DFF86813C0B2FCF705FE98
:1062C000DFF8641301222078C01011EBC01023788E
:1062D00013F0070312FA03F30360EDB2002D0CD0A4
:1062E0002079C010DFF83C3313EBC013207910F095
:1062F000070012FA00F0186009E02079C01011EBD5
:10630000C010237913F0070312FA03F30360E06867
:1063100000900098431E00930028FAD1DFF8043360
:106320002078C01013EBC010257815F0070512FA7D
:1063300005F50560E06800900098451E009500286E
:10634000FAD12078C01011EBC011207810F00700AE
:1063500012FA00F008602079C01013EBC013207906
:1063600010F0070082401A6031BD2DE9FC410400A5
:10637000002C01D0012000E000208622DFF8A012CE
:10638000C0B2FCF7A2FD0025DFF8EC6201272078FF
:10639000C01016EBC010217811F0070117FA01F1B7
:1063A0000160DFF880822079C01018EBC0102179DD
:1063B00011F0070117FA01F1016000220021606865
:1063C000C0B2FCF747FFE06800900098411E0091C2
:1063D0000028FAD12078C01018EBC018207810F0EF
:1063E000070017FA00F0C8F80000E0680090009875
:1063F000411E00910028FAD16068C0B2FCF719FF75
:10640000002800D001252078C01016EBC016207897
:1064100010F0070087403760032201216068C0B296
:10642000FCF718FFE06800900098411E00910028DA
:10643000FAD12800C0B2BDE8F6817CB504000D0099
:10644000002C01D0012000E00020A822DFF8D011AC
:10645000C0B2FCF73AFD80210800C0B200284ED03F
:106460002800C0B208420CD00120227912F00702A5
:1064700090402279D210DFF8AC3113EBC2131860D0
:106480000BE00120227912F0070290402279D2100D
:10649000DFF8E43113EBC2131860C9B24908E068B1
:1064A000400800900098421E00920028FAD1012274
:1064B000207810F0070012FA00F02378DB10DFF8E4
:1064C000646116EBC3163060E06800900098431ECC
:1064D00000930028FAD1207810F00700824020783D
:1064E000C010DFF8943113EBC0131A60E068400865
:1064F00000900098421E00920028FAD1ACE72000DC
:10650000FFF733FF012801D1002000E00120C0B2D5
:1065100076BD2DE9FC4704000D00002C01D00120C0
:1065200000E00020C222DFF8F810C0B2FCF7CDFC7A
:1065300000260827DFF8F0805FF001092078C010FE
:1065400018EBC010217811F0070119FA01F1016070
:10655000E06800900098411E00910028FAD1DFF811
:10656000C4A02079C0101AEBC010217911F00701E6
:1065700019FA01F10160002200216068C0B2FCF745
:1065800069FE27E02078C01018EBC010217811F0C8
:10659000070119FA01F10160E06800900098411EBE
:1065A00000910028FAD12078C0101AEBC010217891
:1065B00011F0070119FA01F10160E06800900098FC
:1065C000411E00910028FAD16068C0B2FCF731FE8C
:1065D00050EA46063800471EC0B20028D2D12078C3
:1065E000C01018EBC018207810F0070019FA00F955
:1065F000C8F80090032201216068C0B2FCF72AFEAF
:10660000E06800900098411E00910028FAD129000E
:10661000C9B22000FFF746FE3000C0B2BDE8F687E1
:10662000608C2810080031400400314070B504002F
:106630000D001600002C01D0012000E0002040F2E7
:106640008D224749C0B2FCF740FC2000FFF78CFDCB
:10665000217A4900C9B22000FFF7EFFE2900C9B234
:106660002000FFF7EAFE3100C9B22000FFF7E5FE87
:106670002000FFF7C8FD70BD0400314038B50400AC
:106680000D00002C01D0012000E0002040F29F22EC
:106690003349C0B2FCF719FC00202000FFF764FD6D
:1066A000217A4900C9B22000FFF7C7FE2900C9B20C
:1066B0002000FFF7C2FE2000FFF7A5FD2000FFF736
:1066C00053FD217A490051F00101C9B22000FFF7C2
:1066D000B4FE01212000FFF71CFF05002000FFF79A
:1066E00092FD2800C0B232BD2DE9F843040088466F
:1066F0001700002C01D0012000E00020089D1E00A2
:10670000DFF85C9040F2BA224946C0B2FCF7DDFBEC
:1067100030002900C0B2C9B2884201D0012000E097
:10672000002040F2BB224946C0B2FCF7CEFB30004D
:10673000C0B220602800C0B2606084F80880E760C2
:106740000323012201213000C0B2FCF7AAFD03237C
:10675000012201212800C0B2FCF7A3FDBDE8F183AE
:10676000608C28102DE9F84F92B004000D0016003F
:106770001F006846DFF8C4164822FAF79FFC5FF056
:10678000010801E018F10108781E804580F2A3801D
:106790005FF0010996E000208FE000211222B8F19D
:1067A000010006FB0090204410F8013C684602FB03
:1067B0000BFC30F90C0000FB0311B8F1010006FBE3
:1067C0000090235C684602FB0BFC6044B0F90200B9
:1067D00000FB0311B8F1010006FB00902044437850
:1067E000684602FB0BFC6044B0F9040000FB031197
:1067F00006FB0890204410F8013C684602FB0BFCA5
:106800006044B0F9060000FB031106FB0890235C0E
:10681000684602FB0BFC6044B0F9080000FB031162
:1068200006FB089020444378684602FB0BFC60445A
:10683000B0F90A0000FB031118F1010006FB0090FB
:10684000204410F8013C684602FB0BFC6044B0F9A0
:106850000C0000FB031118F1010006FB0090235C03
:10686000684602FB0BFC6044B0F90E0000FB03110C
:10687000080018F1010106FB019121444B7869469B
:1068800002FB0BF21144B1F9101001FB03000012DE
:1068900000B200F0E5FA010009B28A4502DA824648
:1068A0000FFA8AFA1BF1010BBBF1040FFFF675AF6B
:1068B0001C985045BFF66FAFFF2006FB0891685447
:1068C00019F10109701E8145BFF65CAF5FF0000A47
:1068D0005FF0000BE8E7002002E000212954401C93
:1068E000B042FADB002005E0791E06FB0101002220
:1068F0006A54401CB042F7DB002004E0002106FB94
:1069000000F2A954401CB842F8DB002006E006FB68
:1069100000612944002201F8012C401CB842F6DB3A
:1069200013B0BDE8F08F2DE9F047070045F62001D0
:106930000022DFF80C4525002800FCF73BFBFA217C
:106940000022DFF800552E003000FCF733FB012158
:10695000DFF8F46400203070002200E0521C782A36
:1069600080F2818000230AE06EE00CFB02FC04EB65
:106970000C00C1540800C0B22954491C5B1CBC2B3C
:10698000ECDA5FF0BC0C0CFB02F03844C05C002871
:10699000F4D0012B06DB0CFB02F02044184410F865
:1069A000010C00E00020012A06DB0CFB02FEA644DD
:1069B0009E441EF8BCEC01E05FF0000E5EEA0008A9
:1069C0005FFA88F8B8F1000F05D10800C0B2FA28C4
:1069D000CBDB00204BE180465FFA88F8B8F1000F6E
:1069E0000BD0F0465FFA88F8B8F1000F05D10CFB28
:1069F00002FCA4440CF80300C0E780465FFA88F864
:106A0000B8F1000F0CD1F0465FFA88F8B8F1000F2A
:106A100006D00CFB02FC04EB0C0000F803E0ADE731
:106A20008046F1465FFA88F85FFA89F9C84501D2D5
:106A3000804600E0F046F14682465FFA89F95FFA47
:106A40008AFAD14590D286460CFB02FC04EB0C007E
:106A500000F803807046C0B2FA288FDA5FFA8EFE23
:106A600005F80E808AE7012020E00300DBB2EB5C32
:106A7000EB5C0700FFB2EB550300DBB2EB5CFA2BDB
:106A800013DA0300DBB2EB5CEB5CFA2B0DDA0300EC
:106A9000DBB2EB5C0700FFB2EF5DEF5DBB4204D001
:106AA00013005A1CDBB2FA2BDFDB401C02000B0088
:106AB000D2B2DBB29A4205D20200D2B2FA2A01DA8D
:106AC0000022D9E7FA210022DFF88073B846404659
:106AD000FCF770FA5FF0000841F658310022DFF849
:106AE0007093CA465046FCF765FA002100E0491C45
:106AF000782980F2B580002283E018F10108604611
:106B0000C0B207F800805FFA8CFC17F80C00401E3A
:106B10001C2384465FFA8CFC03FB0CFCCC44DCF8A1
:106B200014C0624507DA84465FFA8CFC03FB0CFC58
:106B3000CC44CCF8142084465FFA8CFC03FB0CFC9C
:106B4000CC44DCF80CC0944507DA84465FFA8CFC30
:106B500003FB0CFCCC44CCF80C2084465FFA8CFC84
:106B600003FB0CFCCC44DCF818C0614507DA844612
:106B70005FFA8CFC03FB0CFCCC44CCF81810844668
:106B80005FFA8CFC03FB0CFCCC44DCF810C08C4599
:106B900007DA84465FFA8CFC03FB0CFCCC44CCF88F
:106BA000101084465FFA8CFC03FB0CFC59F80CC0F7
:106BB00012EB0C0C86465FFA8EFE03FB0EFE49F8C4
:106BC0000EC084465FFA8CFC03FB0CFCCC4486466A
:106BD0005FFA8EFE03FB0EFECE44DEF804E011EBFE
:106BE0000E0ECCF804E084465FFA8CFC03FB0CFC30
:106BF000CC44C0B2584348448068401CCCF80800DC
:106C0000521CBC2ABFF673AFBC2303FB01F0204427
:106C1000805C0028F4D003FB01F02044805C15F870
:106C200000C06046C0B200280AD06046C0B2FA2850
:106C300006DA03FB01F304EB0300805CFA2800DBB7
:106C4000DEE76046C0B2385C00287FF45CAF4046A7
:106C5000C0B2FA28FFF651AF86F80080002006E0A7
:106C600086F800803078DFF8EC1108700120BDE86C
:106C7000F08710B41C22764B02FB00F119444968DE
:106C800002FB00F41C44A46891FBF4F15043184447
:106C900080683D2903DB172801DA012007E02E393F
:106CA0000F2903D20C2801DA012000E0002010BCDB
:106CB000704700002DE9F043BFB006000D0045F617
:106CC00020010022644F3C002000FCF773F9FA21F8
:106CD00000226C462000FCF76DF900245FF00008EC
:106CE00001E018F10108584B1878804547DA5848F8
:106CF0001C2101FB08F1084480680528F1DB4046AF
:106D0000FFF7B7FF0028ECD16946012001F8080021
:106D1000641C002200E0521C782AE2DA002312E010
:106D2000DFF828E1C0B21EF80000401EC0B2085CC7
:106D3000002822D00CFB02FC07EB0C004FF0FF0CEC
:106D400000F803C019E0BC2BE5DADFF8F4E05FF0EF
:106D5000BC0C0CFB02F07044C05C00280DD039481C
:106D60000CFB02F9CE441EF803E010F80E00864634
:106D70005FFA8EFEBEF1000FD2D15B1CE3E732005A
:106D80002900002C08D1002A01D0344810600029C5
:106D900001D03248086048E09FED250ABFEE001A96
:106DA000F0EE410A002435E029481C2505FB04F5D6
:106DB0002844D0ED001AF8EEE11A90ED022AB8EE60
:106DC000C22AC1EE821A90ED012AB8EEC22AD0ED95
:106DD000022AF8EEE22A82EE222ADFED162A71EE6E
:106DE000A22A9FED153A32EE033A62EEA22A43EE52
:106DF000032AF4EE402AF1EE10FA0AD5B0EE620A48
:106E0000F0EE610AB0EE421A03E06846005D002829
:106E1000CAD1641C18788442F7DB002A01D0C2ED85
:106E2000000A002901D081ED001A3FB0BDE8F083CF
:106E3000286B6E4E0000BCC20000C8C2A08B281098
:106E4000886A0828C891092824970928C492092823
:106E5000E872092823970928A8C20828000080BFE3
:106E6000002848BF404270470000000000000000BA
:106E70000000000000000000000000F8000000001A
:106E8000000000333000000000100C06100C06005B
:106E9000000000000000000040C07840C0784000C2
:106EA000043F04043F040400007088FC0830000024
:106EB000001820FF211E0000F008F000E01800007C
:106EC00000211C031E211E0000F008887000000035
:106ED0001E2123241927211010160E000000000087
:106EE0000000000000000000000000E018040200A4
:106EF000000000071820400000020418E000000015
:106F00000040201807000000404080F08040400012
:106F10000202010F01020200000000F00000000068
:106F20000101011F0101010000000000000000003C
:106F300080B07000000000000000000000000000B1
:106F4000000101010101010100000000000000003A
:106F500000303000000000000000000080601804D5
:106F6000006018060100000000E010080810E000B2
:106F7000000F102020100F00001010F8000000007B
:106F80000020203F202000000070080808887000C2
:106F90000030282422213000003008888848300042
:106FA0000018202020110E000000C02010F8000062
:106FB00000070424243F240000F8088888080800FB
:106FC0000019212020110E0000E010888818000010
:106FD000000F112020110E0000380808C8380800E2
:106FE0000000003F00000000007088080888700062
:106FF000001C222121221C0000E010080810E000E3
:107000000000312222110F00000000C0C00000006B
:107010000000003030000000000000800000000090
:107020000000806000000000000080402010080088
:107030000001020408102000404040404040400051
:10704000040404040404040000081020408000002C
:107050000020100804020100007048080808F00031
:107060000000003036010000C030C828E810E00001
:107070000718272423140B000000C038E00000008C
:10708000203C23020227382008F8888888700000F6
:10709000203F202020110E00C030080808083800CA
:1070A000071820202010080008F808080810E00041
:1070B000203F202020100F0008F88888E8081000E2
:1070C000203F20202320180008F88888E8081000B6
:1070D000203F200003000000C030080808380000EE
:1070E00007182020221E020008F808000008F808EF
:1070F000203F210101213F20000808F80808000076
:107100000020203F2020000000000808F8080800A8
:10711000C08080807F00000008F888C02818080020
:10712000203F20012638200008F808000000000059
:10713000203F20202020300008F8F800F8F8080050
:10714000203F003F003F200008F830C00008F8084A
:10715000203F200007183F00E01008080810E0005A
:107160000F10202020100F0008F808080808F00071
:10717000203F210101010000E01008080810E00094
:107180000F18242438504F0008F888888888700029
:10719000203F2000030C30200070880808083800C9
:1071A0000038202121221C00180808F808081800BF
:1071B0000000203F2000000008F808000008F80840
:1071C000001F202020201F000878880000C83808F1
:1071D000000007380E010000F80800F80008F80069
:1071E000033C0700073C0300081868808068180803
:1071F00020302C03032C30200838C800C838080081
:107200000000203F2000000010080808C8380800CF
:107210002038262120201800000000FE0202020073
:107220000000007F40404000000C30C00000000023
:10723000000000010638C00000020202FE0000004B
:10724000004040407F0000000000040202020400F1
:10725000000000000000000000000000000000002E
:107260008080808080808080000202040000000016
:10727000000000000000000000008080808000000E
:107280000019242222223F2008F8008080000000FC
:10729000003F112020110E000000008080800000BF
:1072A000000E112020201100000000808088F800CE
:1072B000000E112020103F20000080808080000000
:1072C000001F222222221300008080F08888881864
:1072D0000020203F2020000000008080808080006F
:1072E000006B94949493600008F800808080000004
:1072F000203F210000203F200080989800000000DF
:107300000020203F2020000000000080989800000E
:1073100000C08080807F000008F80000808080002E
:10732000203F24022D302000000808F80000000053
:107330000020203F2020000080808080808080000E
:10734000203F20003F20003F8080008080800000A0
:10735000203F210000203F2000008080808000002E
:10736000001F202020201F0080800080800000005F
:1073700080FFA12020110E0000000080808080008E
:10738000000E112020A0FF8080808000808080007F
:1073900020203F21200001000000808080808000AC
:1073A0000033242424241900008080E08080000021
:1073B0000000001F2020000080800000008080006E
:1073C000001F202020103F208080800000808080CF
:1073D00000010E300806010080800080008080805F
:1073E0000F300C030C300F00008080008080800084
:1073F0000020312E0E3120008080800000808080AF
:1074000080818E701806010000808080808080005E
:107410000021302C2221300000000000807C02027C
:1074200000000000003F404000000000FF0000009E
:1074300000000000FF0000000002027C800000004D
:107440000040403F00000000000601010202040469
:107450000000000000000000022801D3012010E01D
:107460000B00DBB2042B01DB01200AE0DFF8B433B0
:1074700003EB8000C9B2405C824201D3012000E0EE
:1074800000207047F8B506000F0015001C00022E02
:1074900001D301201DE02A003900C9B23000FFF7F6
:1074A000DBFF012801D1012013E03800C0B2002821
:1074B00012D1B4F5807F0DD2DFF86C03760330442F
:1074C00000EB850010F58050016864F30F21016026
:1074D0000020F2BD0120FCE7FFB2012F10D1B4F56E
:1074E000803F0BD2D0487603304400EB850010F586
:1074F000A050016864F317210160E9E70120E8E783
:107500000120E6E700B20012C0B27047F8B50500EE
:107510000E001700280000B2FFF7F4FF040020005F
:10752000C0B2022801D3012023E03A003100C9B2E1
:107530002000C0B2FFF790FF012801D1012018E020
:10754000B9492000C0B2400308442A00D2B200EB7F
:107550008200D0F8000CF6B266F3092067F307004A
:10756000E4B264032144EDB201EB8501C1F8000CE3
:107570000020F2BD70B504000D001600022C01D3EE
:1075800001201CE032002900C9B22000FFF764FF8F
:10759000012801D1012012E0A3496003085850F0EE
:1075A000004050F0407050F47F00EDB265F30920C8
:1075B00066F307006203885064030859002070BD19
:1075C00010B59A48FDF76FFA45F620021300984966
:1075D0000C00012B0EDB14F01F00C318BFF34F8FFC
:1075E000944804602034203B012BF9DABFF34F8F1D
:1075F000BFF36F8F904C2000F9F750FD01208F49A9
:10760000087010BD10B596B040F26114002201213F
:107610002000FFF77BFF2000FFF774FF0923002203
:107620000121C0B2FFF72EFF2000FFF76BFF002201
:107630000121C0B2FFF79EFF4FF4CD70ADF80000FE
:107640000320ADF8020001208DF8040000227C49DF
:107650006846FDF79DF85021002202AC2000FBF7A0
:10766000A9FC0020029000208DF80C0001208DF86C
:107670000D0000208DF80E0000208DF81000032072
:107680008DF84C000120149000208DF8540000204B
:107690008DF85500654C02A92000FDF735F9200052
:1076A000FDF7F2F92000FDF7F8F96648FDF703FA57
:1076B00016B010BD10B58EB001248A200090892329
:1076C0004FF4C87200210AA8FFF70EF80AA8FEF7C7
:1076D00091F9002817D168465B492822F9F7EEFC9A
:1076E0005A480178491CBC2211FB02F1ADF8121076
:1076F0000078401C782110FB01F0ADF816006846B8
:10770000FEF7A8F904002000C0B20EB010BD2DE9AC
:10771000F8430020BFF34F8FBFF36F8F4C4C2068AE
:1077200030F4003020604B4E00203060BFF34F8FAC
:10773000BFF36F8F484F00203860BFF34F8F206832
:1077400030F480302060BFF34F8FDFF81081D8F81D
:107750000010C1F34E32C1F3C90343F6E07515EAD8
:10776000421050EA8370DFF8F8C0CCF8000018002F
:10777000431E0028F1D11000421E0028EBD1BFF3B8
:107780004F8FBFF36F8F782036490880BC20364971
:107790000880FFF78FFF81464846C0B2002801D11C
:1077A000FFF730FF2068800311D4BFF34F8FBFF382
:1077B0006F8F00203060BFF34F8FBFF36F8F206853
:1077C00050F400302060BFF34F8FBFF36F8F2068FD
:1077D000C00321D400203860BFF34F8FD8F80010C9
:1077E000C1F34E32C1F3C90315EA421050EA837067
:1077F0001E4E30601800431E0028F5D11000421EB6
:107800000028EFD1BFF34F8F206850F48030206004
:10781000BFF34F8FBFF36F8F4846C0B2BDE8F2830E
:1078200000000000748F281000000440801D5840A4
:10783000246002285CEF00E0C81A09282F97092865
:10784000C1752810001E58407C8D281030970928DB
:1078500014ED00E050EF00E084ED00E080ED00E08A
:1078600074EF00E0F06B0028F26B002860EF00E09E
:10787000022801D3012010E00B00DBB2042B01DB56
:1078800001200AE0DFF86C3303EB8000C9B2405CF2
:10789000824201D3012000E000207047F8B50600C5
:1078A0000F0015001C00022E01D301201DE02A004C
:1078B0003900C9B23000FFF7DBFF012801D10120F8
:1078C00013E03800C0B2002812D1B4F5807F0DD289
:1078D000DFF824037603304400EB850010F5805078
:1078E000016864F30F2101600020F2BD0120FCE774
:1078F000FFB2012F11D1B4F5803F0CD2DFF8F802AE
:107900007603304400EB850010F5A050016864F365
:1079100017210160E8E70120E7E70120E5E700B271
:107920000012C0B27047F8B505000E00170028001D
:1079300000B2FFF7F4FF04002000C0B2022801D318
:10794000012023E03A003100C9B22000C0B2FFF7A5
:107950008FFF012801D1012018E0A7492000C0B203
:10796000400308442A00D2B200EB8200D0F8000C99
:10797000F6B266F3092067F30700E4B2640321441A
:10798000EDB201EB8501C1F8000C0020F2BD70B52D
:1079900004000D001600022C01D301201CE032006F
:1079A0002900C9B22000FFF763FF012801D101209F
:1079B00012E091496003085850F0004050F04070C8
:1079C00050F47F00EDB265F3092066F3070062030F
:1079D000885064030859002070BD80B50100C9B209
:1079E000032906DA8549C0B2C0010844FDF75BF8F7
:1079F00007E08349C0B2C0010844B0F5C070FDF78C
:107A000052F801BD70B596B004000D00502100225F
:107A100002AE3000FBF7CEFA00262000C0B20328E9
:107A20006ADA002201212000C0B200F2711000B217
:107A3000FFF779FF2000C0B200F2711000B2FFF72B
:107A40006EFF092300220121C0B2FFF727FF2000AB
:107A5000C0B200F2711000B2FFF761FF00220121F5
:107A6000C0B2FFF794FF2000C0B210F5D570ADF89A
:107A700000000220ADF8020001208DF8040003226E
:107A800060482100C9B250F821106846FCF780FE1A
:107A9000ED00029500208DF80C0000208DF80D00FF
:107AA00000208DF80E0000208DF8100003208DF8C6
:107AB0004C000120149000208DF8540000208DF817
:107AC00055004E4D02A92000C0B2C0012844FCF769
:107AD0001BFF2000C0B2C0012844FCF7D5FF2000E6
:107AE000C0B2C0012844FCF7E6FFE4B2E40105EBB4
:107AF0000400FCF7D2FF7AE0002201212000C0B28E
:107B000010F5B17000B2FFF70EFF2000C0B210F503
:107B1000B17000B2FFF703FF092300220121C0B2B8
:107B2000FFF7BCFE2000C0B210F5B17000B2FFF745
:107B3000F6FE00220121C0B2FFF729FF2000C0B2EB
:107B400000F29B10ADF800000220ADF80200012009
:107B50008DF8040003222B482100C9B250F82110EF
:107B60006846FCF715FEED00002005E0B5F5803F06
:107B700001D3761C6D08401C0828F7DB02958DF8B0
:107B80000C6000208DF80D0000208DF80E00002004
:107B90008DF8100003208DF84C0001201490002077
:107BA0008DF8540000208DF85500154D02A92000D5
:107BB000C0B2C0012844B0F5C070FCF7A5FE20009B
:107BC000C0B2C0012844B0F5C070FCF75DFF2000D2
:107BD000C0B2C0012844B0F5C070FCF76CFFE4B23D
:107BE000E40105EB0400B0F5C070FCF756FF16B0D9
:107BF00070BD0000748F2810000004400000594040
:107C000000805840D41108287FB5844800F02AF934
:107C1000FBF79EF900F073F9FFF779FD01230122CC
:107C200000216920FBF73DFB6920FBF702FB0028E0
:107C300006D0FAF723F96920FBF7FBFA78490860C8
:107C400042F210710320FFF7DDFEA9E0182275490A
:107C5000754C2000F9F722FA1821734A01290EDB2E
:107C600012F01F004118BFF34F8F7048026020329E
:107C700020390129F9DABFF34F8FBFF36F8F6C4CB6
:107C80002078002800F08C806A4D782000907823BE
:107C9000BC2229006848FEF765FD684B684A6949BF
:107CA0002800FEF740FE002803D067496748FFF729
:107CB00001F85B480068002857D0002003903C2062
:107CC00002905E20019078200090BC23604A002141
:107CD0000020FAF715F85D4D0223032295ED000A06
:107CE000B7EEC00A6E210020F9F75DFF564E022361
:107CF000032296ED000AB7EEC00A6E213220F9F792
:107D000052FF4FF4784296ED000AF0EE000A80EE42
:107D1000200ABDEEC00A10EE100A010089B295EDEE
:107D2000000AF0EE000A80EE200ABDEEC00A10EE56
:107D3000100A80B2F9F7AAFD464D03230322B5F9D4
:107D4000040000EE100AB8EEC00B78210020F9F70D
:107D50002AFF01230322B5F9060000EE100AB8EE4F
:107D6000C00B78212D20F9F71EFF3B4A37480068E9
:107D70001060354800685060202101290EDB12F0A8
:107D80001F004118BFF34F8F28480260203220396E
:107D90000129F9DABFF34F8FBFF36F8F00202070F6
:107DA0002E48007801287FF451AF2D49087801282A
:107DB0007FF452AF1C4A2748837800EE103AB8EEA1
:107DC000400A82ED000AC37800EE103AB8EE400A8D
:107DD00082ED010AB0F9043000EE103AB8EEC00AA4
:107DE00082ED020AB0F9063000EE103AB8EEC00A91
:107DF00082ED030AB0F9083000EE103AB8EEC00A7E
:107E000082ED040AB0F90A0000EE100AB8EEC00ACA
:107E100082ED050A002008701EE700BF80B2E60E62
:107E2000E0960928289609280010002870EF00E045
:107E30002F97092868120828C81A0928D4960928F3
:107E4000D0960928AC960928DC960928D8960928E6
:107E5000A8C20828A0960928B00A08286212082893
:107E60002597092880B50549086000F06DF8FBF7F3
:107E700040FB0020FCF764FC01BD0000F8960928D7
:107E8000F8B500250020294C2778781C2070284E52
:107E90000120FBF7CAFFFFB2F0552078012804D17A
:107EA0003078A32801D00020207020780C2825DB12
:107EB000717800207070002202E0B05C4519521CFD
:107EC0000C2AFADB0800EDB2C0B2854210D10120C5
:107ED000184A10700120184A10700020174A1080AC
:107EE00071700C22164D31002800F9F7D7F802E026
:107EF000002010490870002000202070F1BD80B5DE
:107F00000F48012181700121C1700E49062000F047
:107F1000C4F8102310225FF4E1310120FCF7B6F819
:107F200001210120FCF733F801BD00002697092844
:107F3000949609282597092862120828209709286D
:107F4000A0960928817E281010B5002042490860BB
:107F5000BFF34F8F41480168C1F34E32C1F3C903EB
:107F600043F6E07010EA421050EA83703C4C206007
:107F70001800431E0028F3D11000421E0028EDD146
:107F8000BFF34F8FBFF36F8FBFF34F8FBFF36F8F71
:107F9000002034490860BFF34F8FBFF36F8F00F0AC
:107FA00001F810BD38B586B068462F491822F9F798
:107FB00085F86846FDF752F9C0B200280DD02B4C69
:107FC00018222B492000FDF715FC0020E0754E20FB
:107FD000284908600020FDF745FC274D2800FDF7E3
:107FE000DFFBC0B200280DD0204C18222049200011
:107FF000FDF700FC0020E07550201E4908600020BD
:10800000FDF730FC1D49286808600A681C48821882
:108010001C48B2FBF0F01C4A10601C48096801F2D1
:10802000E7314FF47A72B1FBF2F101600068C003EE
:108030001749086007B030BD80B500F04FF815490A
:108040000A6852F470020A60BFF34F8FBFF36F8F5C
:1080500000F048F801BD000084ED00E080ED00E094
:1080600074EF00E050EF00E0008F28101096092810
:10807000548B2810CC960928E4960928E8960928FC
:108080003F420F0040420F00F0960928EC96092865
:10809000F496092888ED00E070470C4A10701078BB
:1080A000052809D10800002803D1094809490860BA
:1080B0000BE00848016008E00800002803D10448EC
:1080C0000549086001E004480160704734970928B9
:1080D00099802810C4110828C0110828EFF31080D7
:1080E00072B6704780F310887047000000000000EF
:1080F00000000000002F000000000700070000142F
:108100007F147F1400242A7F2A120062640813233C
:1081100000364955225000000503000000001C22D3
:108120004100000041221C000014083E0814000811
:10813000083E0808000000A06000000808080808C1
:10814000000060600000402010080402003E514919
:10815000453E0000427F40000042615149460021F7
:1081600041454B31001814127F1000274545453911
:10817000003C4A494930000171090503003649496C
:10818000493600064949291E000036360000000025
:108190005636000000081422410000141414141470
:1081A0000000412214080002015109060032495919
:1081B000513E007C1211127C007F49494936003E35
:1081C00041414122007F4141221C007F49494941F0
:1081D000007F09090901003E4149497A007F0808EA
:1081E000087F0000417F4100002040413F01007FA7
:1081F00008142241007F40404040007F020C027F73
:10820000007F0408107F003E4141413E007F090984
:108210000906003E4151215E007F091929460046AA
:10822000494949310001017F0101003F4040403F81
:10823000001F2040201F003F4038403F00631408CB
:1082400014630007087008070061514945430000A6
:108250007F414100020408102040000041417F009E
:1082600000040201020400404040404000000102BE
:108270000400002054545478007F484444380038A7
:108280004444442000384444487F0038545454182F
:1082900000087E0901020018A4A4A47C007F080441
:1082A00004780000447D4000004080847D00007F11
:1082B000102844000000417F4000007C041804782E
:1082C000007C0804047800384444443800FC24242A
:1082D00024180018242418FC007C08040408004812
:1082E0005454542000043F444020003C4040207C33
:1082F000001C2040201C003C4030403C0044281022
:108300002844001CA0A0A07C004464544C441414D5
:108310001414141438B5FFF78FFE00F042F800F083
:10832000C9F871490868800312D4BFF34F8FBFF3B7
:108330006F8F00206D4A1060BFF34F8FBFF36F8FB8
:10834000086850F400300860BFF34F8FBFF36F8FA1
:108350000868C00324D40020654A1060BFF34F8F23
:1083600064480268C2F34E33C2F3C90443F6E070B6
:1083700010EA431050EA84705F4D28602000441ECC
:108380000028F3D11800431E0028EDD1BFF34F8F12
:10839000086850F480300860BFF34F8FBFF36F8FD1
:1083A00031BD70B586B0684654491822F8F786FE8C
:1083B00000200AE069460200D2B201EBC20149681E
:1083C000491C11F0070F0DD1401C0100C9B203294F
:1083D00009D269460200D2B211F8321011F0070F2B
:1083E000E8D0FEE7FEE7464C207810F0070F00D0FB
:1083F000FEE7444D2868401C10F0070F00D0FEE750
:10840000002622E068463100C9B200EBC100416895
:108410003000C0B252F8300000F043F814E0002001
:108420000028EFD02168491E3000C0B252F8300059
:1084300000F037F868463100C9B200EBC10041686E
:108440002868401C00F02DF8761C3000C0B20328CC
:1084500025D26A463000C0B252F83000002813D04E
:1084600020683100C9B252F8311088420AD36846F8
:108470003100C9B200EBC10040682168884201D3D5
:108480000120CDE70020CBE768463100C9B200EB00
:10849000C100406821688842C1D30120C0E706B00E
:1084A00070BD0022002302E0C0E9002308308842AA
:1084B000FAD3704730B4144880081449144A002392
:1084C00008E01C00E4B252F824401D00EDB241F86F
:1084D00025405B1C1C000500E4B2EDB2AC42F0D3B9
:1084E0000C48016030BC704714ED00E050EF00E034
:1084F00084ED00E080ED00E060EF00E0E88E281001
:10850000B48A2810B88A28108000000080970928B3
:108510000000281008ED00E0010009B2002908D48D
:10852000012210F01F018A404F4900B2400941F872
:1085300020207047FEE780B54C4800684C48016831
:108540000800C00F002805D04A488905890D50F859
:10855000210080470020FFF7DFFF01BD80B54648BE
:108560000068464801680800C00F002805D041484F
:108570008905890D50F8210080470120FFF7CCFFC5
:1085800001BD80B53E4800683E4801680800C00F44
:10859000002805D037488905890D50F8210080470B
:1085A0000220FFF7B9FF01BD80B5374800683748A2
:1085B00001680800C00F002805D02E488905890DE4
:1085C00050F8210080470320FFF7A6FF01BD80B5CA
:1085D0002F4800682F4801680800C00F002805D008
:1085E00024488905890D50F8210080470420FFF7B1
:1085F00093FF01BD80B5284800682848016808003D
:10860000C00F002805D01B488905890D50F82100AE
:1086100080470520FFF780FF01BD80B52048006836
:10862000204801680800C00F002805D011488905BE
:10863000890D50F8210080470620FFF76DFF01BD2E
:1086400080B519480068194801680800C00F002863
:1086500005D008488905890D50F82100804707207A
:10866000FFF75AFF01BD000080E200E07C8F281078
:1086700000052040D00A0828808F281004052040DB
:10868000848F281008052040888F28100C05204072
:108690008C8F281010052040908F28101405204042
:1086A000948F281018052040988F28101C05204012
:1086B00080B50020FFF791F901BD80B50120FFF7DB
:1086C0008CF901BD80B50220FFF787F901BD80B5A7
:1086D0000320FFF782F938480188491C018001888E
:1086E000332904DB0021354A11700021018001BDCE
:1086F00080B50420FFF771F901BD80B50520FFF7B3
:108700006CF901BD80B50620FFF767F901BD80B5A2
:108710000720FFF762F901BD80B50820FFF75DF97A
:1087200001BD80B50920FFF758F901BD80B50A20C9
:10873000FFF753F901BD80B50B20FFF74EF901BDDE
:1087400080B50C20FFF749F901BD80B50D20FFF77A
:1087500044F901BD80B50E20FFF73FF900F03EF867
:1087600001BD80B50020FBF7FAF9002801D0FAF727
:108770009CFB01BD80B50120FBF7F1F9002802D078
:108780000F480068804701BD80B50220FBF7E7F97C
:10879000002801D000F060F801BD80B50320FBF790
:1087A000DEF901BD80B50420FBF7D9F9002802D01D
:1087B00004480068804701BD2097092862120828F4
:1087C000C0110828C411082880B50520FBF7C7F997
:1087D00001BD80B50620FBF7C2F901BDF8B5194807
:1087E000007800282DD00020174C08202060174D5D
:1087F00004202860082028600420206008202060D1
:1088000004202860002615E008202860104F07206B
:1088100000F0ACF83100C9B227F81100042000F0D4
:10882000A5F83100C9B207EB4101A1F80001082009
:108830002060761C3000C0B28028E5DB01200549AD
:108840000870F1BD32970928080331400403314014
:10885000408E0928339709281FB500200190404811
:108860000078002868D004E0012269463D48FBF703
:1088700096FD69460220FBF7E4FA0028F4D19DF842
:1088800000000A2858D106200190364C012301AA85
:1088900002A92000FBF753FE032228A10DF10B00D3
:1088A00000F09EF8002810D12748017802293DD019
:1088B000012101702000FBF761FD0190002301AA56
:1088C00022492000FBF73BFE30E003221CA10DF102
:1088D0000B0000F085F8002810D11D48017802290E
:1088E00024D0012101702000FBF748FD01900023F6
:1088F00001AA18492000FBF722FE17E0032211A16C
:108900000DF10B0000F06CF800280FD1124801782F
:1089100002290BD0012101702000FBF72FFD0190EF
:10892000002301AA0D492000FBF709FE2000FBF7F8
:10893000EBFC01200C4908701FBD0000524D4300A4
:1089400047474100544853002D970928409409286F
:108950002C970928C09309282E970928C094092824
:108960002B970928589609282A97092830B401001E
:10897000C9B249090200D2B2202392FBF3F403FBEF
:108980001422154BC0B21B5C5B00D3F10403134CE3
:108990000800C0B254F820001500EDB2AD01284423
:1089A00000F63C00056855F0010505600800C0B2FE
:1089B00054F82000D0F80002C00F0028F6D1C9B248
:1089C00054F82100D2B292011044D0F8240880B2A9
:1089D000184180B230BC7047B0950928C8110828EA
:1089E0008AB10B7890F800C09C4506D110F8013B85
:1089F0004BB1491C521EF4D105E002D24FF0FF30BA
:108A000070470120704700207047000072B61D4972
:108A100008684FEA102000F00F000E2808BF1A491E
:108A20000D2808BF1949072808BF1949082808BF99
:108A30001849086820F00B0008600868BFF34F8FE2
:108A4000154816490860BFF34F8F1549086840F074
:108A5000070008601349086840F007000860BFF38A
:108A60004F8FBFF36F8F00200021124AE2E802010E
:108A70006A45FBD10C4FB8470C4FB8470C4FB8476D
:108A8000FEE70000000020400C0020400C042040C5
:108A90000C0820400C0C20400000281008ED00E0DD
:108AA00090EF00E094EF00E015832810A58D2810CA
:108AB000CD8E281000FF0B28FFFF0B28443A5C43A3
:108AC0005954344242375C666C79352D73745C6C52
:108AD00069627261726965735C73646B5C747669F8
:108AE000696268346D5C7372635C64726976657226
:108AF000735C737973636C6B5C63795F73797363B5
:108B00006C6B2E6800000000443A5C4359543442B8
:108B100042375C666C79352D73745C6C6962726186
:108B2000726965735C73646B5C74766969626834DE
:108B30006D5C7372635C647269766572735C737981
:108B400073636C6B5C63795F737973636C6B2E63B7
:108B500000000000443A5C435954344242375C669A
:108B60006C79352D73745C6C6962726172696573BE
:108B70005C73646B5C747669696268346D5C737293
:108B8000635C73797374656D5C73797374656D5F21
:108B9000747669696268346D5F636D372E630000B7
:108BA00000FF0000000100FE0000000200FF0000C6
:108BB000000100FE00FF000000FF000000010000B7
:108BC0000001000200FF00FE00FF000000000000A6
:108BD00000010002000100000001000200FF00008F
:108BE000000100FE00FF0000443A5C435954344247
:108BF00042375C666C79352D73745C6C69627261A6
:108C0000726965735C7A665F636F6D6D6F6E5C7AB7
:108C1000665F636F6D6D6F6E5F66756E6374696FAF
:108C20006E2E6300443A5C435954344242375C66CA
:108C30006C79352D73745C6C6962726172696573ED
:108C40005C7A665F6465766963655C7A665F6465B5
:108C5000766963655F7466743138302E6300000096
:108C6000443A5C435954344242375C666C79352D42
:108C700073745C6C69627261726965735C7A665F59
:108C80006472697665725C7A665F64726976657231
:108C90005F736F66745F6969632E6300443A5C4377
:108CA0005954344242375C666C79352D73745C6C70
:108CB00069627261726965735C7A665F636F6D6D1C
:108CC0006F6E5C7A665F636F6D6D6F6E5F6669660F
:108CD0006F2E6300443A5C435954344242375C6619
:108CE0006C79352D73745C6C69627261726965733D
:108CF0005C7A665F6472697665725C7A665F6472DC
:108D0000697665725F7370692E630000443A5C4354
:108D10005954344242375C666C79352D73745C6CFF
:108D200069627261726965735C7A665F64726976A2
:108D300065725C7A665F6472697665725F7561728E
:108D4000742E630030B4002512E050F8042BD307D2
:108D500044BF4A44521E091F042942F8045BFAD258
:108D600013468C0744BF15809B1CC90748BF1D7064
:108D700050F8041B0029E8D130BC70470000000007
:108D80000100000002006400030032000400000043
:108D90000500000006000000070000000800200099
:108DA0000900000010B5074979441831064C7C448D
:108DB000163404E00A68081D114488470146A142A0
:108DC000F8D110BD2C000000580000004EF688516C
:108DD000CEF20001086840F470000860BFF34F8FC6
:108DE000BFF36F8F4FF00170E1EE100A7047000083
:108DF00055FFFFFF180000000010002820000000B1
:108E0000B00A0828D0840100681208280000000079
:108E10001F81FFFF1802000050010000D00A08283F
:108E200004207146084202D0EFF3098001E0EFF31D
:108E3000088000B50149884700BD00006958281026
:108E4000801C800803D0401C801EFCD100BF7047EE
:108E5000EFF3108072B6704780F3108870470000FF
:108E600000F00EF8002801D0FFF79CFFAFF3008060
:108E70000020AFF30080FEF7C7FE00F003F800000B
:108E80000020704700F000B807463846F8F79EFB10
:108E9000FBE700000D0A66696C65202573206C698C
:108EA0006E652025643A2025732E0D0A000000000F
:108EB00004207146084201D0EFF30980EFF30880E7
:108EC00000B50149884700BD698F28100548014653
:108ED00003B4684680F30988AFF30080FFF776FF9C
:108EE000FFF7BEFFA5EDF5FE00000828FFFF0B28E9
:108EF00000000020FF3F002000000000FF3F0000B6
:108F000000127A00000000000024F400008000003D
:108F100000800000008000000D0A66696C65202555
:108F200073206C696E652025642E0D0A0000000018
:108F300066696C653A206D646B2F25730000000034
:108F4000417373657274206572726F720000000065
:108F500066696C653A202573000000006C696E65D7
:108F60003A20256400000000816911F8021CC9B292
:108F700001607047030100001011001000000000A4
:108F800000000000000000000000000000000000E1
:108F900000000000000000000000000000000000D1
:108FA00000000000000000000000000000000000C1
:108FB00000000000000000000000000000000000B1
:108FC00000000000000000000000000000000000A1
:108FD0000000000000000000000000000000000091
:108FE0000000000000000000000000000000000081
:108FF000FFF7FEBFFFF714BFFFF712BFFFF710BF69
:10900000FFF7FEBFFFF7FEBFFFF7FEBFFFF7FEBF94
:10901000FFF7FEBFFFF7FEBFFFF7FEBFFFF7FEBF84
:10902000FFF7FEBFFFF7FEBFFFF7FEBFF002FF3501
:1090300085281004F1FF04F1FF04F1FF04F1FF049F
:10904000F1FF04F177042006D00A0828998028103F
:10905000041004000090400010041006209040B15D
:10906000862810BB0412C50412CF0412F10412FBAF
:10907000041003058728100F041219041223041288
:109080002D04123704124104124B0412550410052A
:109090000000674000006804126904100166406324
:1090A00014127504128904129B0412A50412C90437
:1090B00032D32C1260241265041264041263044338
:1090C000624040100A6640A000800000F8FFFF7870
:1090D0000101020700000000000000000000000085
:1090E0000000000000000000000000000000000080
:1090F0000000000000000000000000000000000070
:10910000000000000000000000000000000000005F
:10911000000000000000000000000000000000004F
:10912000000000000000000000000000000000003F
:10913000000000000000000000000000000000002F
:10914000000000000000000000000000000000001F
:10915000000000000000000000000000000000000F
:1091600000000000000000000000000000000000FF
:1091700000000000000000000000000000000000EF
:1091800000000000000000000000000000000000DF
:059190000000000000DA
:0400000510288ECD64
:00000001FF
