:020000041008E2
:100000000000082889CC0810E1D30810B9D10810E5
:10001000E5D30810E9D30810EDD308100000000064
:100020000000000000000000000000006DD2081079
:10003000F1D3081000000000F5D30810F9D3081020
:100040000FCB081035CB08105BCB081081CB081004
:10005000A7CB0810CDCB0810F3CB081019CC081093
:10006000FDD3081001D4081005D4081009D40810D5
:100070000DD4081011D4081015D4081019D4081084
:10008000C82E002E802E3DB1C82E002E802E91034A
:10009000802EBCB0802EA303C82E002E802E00B070
:1000A0005030212E59F51030212E6AF5802E3B0359
:1000B0000000000008190100220075000010001067
:1000C000D100B343802E00C1802E00C1802E00C11C
:1000D000802E00C1802E00C1802E00C1802E00C164
:1000E000802E00C1802E00C1802E00C1802E00C154
:1000F000802E00C1802E00C1802E00C1802E00C144
:10010000802E00C1802E00C1802E00C1802E00C133
:10011000802E00C1802E00C1802E00C1802E00C123
:10012000802E00C1802E00C1802E00C1802E00C113
:10013000802E00C1802E00C1802E00C1802E00C103
:10014000802E00C1802E00C1802E00C1802E00C1F3
:10015000802E00C1802E00C1802E00C1802E00C1E3
:10016000802E00C1802E00C1802E00C1E05F000003
:1001700000000100000000000000000000009200EC
:10018000000000000000000000000000000000006F
:1001900008190000880000000000000005E0AA38EF
:1001A00005E09030FA0096004B09110011000200A2
:1001B0002D01D47B3B01DB7A04003F7BCD6CC30473
:1001C0008509C304ECE60C460100270019009600DF
:1001D000A00001000C00F03C000101000300010040
:1001E0000E00000032000500EE060400C80000000A
:1001F0000400A805EE060004BC02B3008507000059
:1002000000000000000000000000000000000000EE
:100210000000B4000100B9000100980000000000D7
:100220000000000001008000040000000000000049
:1002300000000000000000000000000000000000BE
:1002400000000000000000000000000000000000AE
:10025000000000000000000000000000000000009E
:10026000000000000000000000000000000000008E
:1002700000000000000000000000802E00C1FD2DE5
:10028000DE00EB00DA00000CFF0F0004C0005BF59D
:10029000C9011EF280003FFF19F458F566F564F5B8
:1002A000C0F1F000E000CD01D301DB01FF7FFF01D1
:1002B000E40074F7F300FA00FF3FCA036C3856FEFF
:1002C00044FDBC02F90600FC1202AE0158FA9AFD88
:1002D0007705BB02960195017F01820189018701A3
:1002E00088018A018C018F018D0192019101DD004D
:1002F0009F017E01DB00B601706926D39C071F05B4
:100300009D000008BC0537FAA201AA01A101A801BD
:10031000A001A805B401B401CE00D000FC00C501C5
:10032000FFFBB10000380030FDF5FCF5CD01A00069
:100330005FFF0040FF0000806D0FEB007FFFC2F504
:1003400068F7B3F1670F5B0F610F800F58F75BF72A
:10035000830F8600720F850FC6F17F0F6CF700E0E8
:1003600000FFD1F5870F8A0FFF03F03F8B008E004F
:100370009000B9002DF5CAF5CB0120F20000000075
:10038000000000000000000000000000000000006D
:10039000000000000000000000000000000000005D
:1003A000000000000000000000000000000000004D
:1003B000000000000000000000000000000000003D
:1003C000000000000000000000000000000000002D
:1003D000000000000000000000000000000000001D
:1003E000000000000000000000000000000000000D
:1003F00000000000000000000000000000000000FD
:1004000000000000000000000000000000000000EC
:1004100000000000000000000000000000000000DC
:1004200000000000000000000000000000000000CC
:1004300000000000000000000000000000000000BC
:1004400000000000000000000000000000000000AC
:1004500000000000000000003050982ED70E5032EF
:10046000982EFA030030F07F002E002ED02E002EA2
:10047000018008A2FB2F982EBA03212E1900012E0D
:10048000EE0000B2072F012E190000B2032F015019
:100490000352982E07CC012EDD0000B2272F052E27
:1004A0008A000552982EC7C1032EE90040B2F07FA2
:1004B000082F012E190000B2042F0030212EE90070
:1004C000982EB4B1012E180000B2102F0550982EAE
:1004D0004DC30550982E5AC7982EF9B4982E54B291
:1004E000982E67B6982E17B21030212E7700012E65
:1004F000EF0000B2042F982E7AB70030212EEF00C3
:10050000012ED40004AE0B2F012EDD0000B2072F08
:100510000552982E8E0E00B2022F1030212E7D0033
:10052000012E7D000090902EF102012ED70000B226
:10053000042F982E2F0E0030212E7B00012E7B00E1
:1005400000B2122F012ED4000090022F982E1F0E01
:10055000092D982E810D012ED4000490022F5032C7
:10056000982EFA030030212E7B00012E7C0000B271
:10057000902E0903012E7C000131010800B2042FE6
:10058000982E47CB1030212E77008130012E7C0031
:10059000010800B2612F032E8900012ED40098BCFF
:1005A00098B805B20F58232F079009540030372F01
:1005B00015410441DCBE44BEDCBA2C0161000F567B
:1005C0004A0F0C2FD14294B8C1421130052E6AF760
:1005D0002CBD2FB980B20822982EC3B7212D6130CF
:1005E000232ED400982EC3B70030212E5AF5182D93
:1005F000E17F5030982EFA030F520750504270306E
:100600000D5442427E82E26F80B24242052F212E7B
:10061000D4001030982EC3B7032D6030212ED400A3
:10062000012ED4000690182F012E76000B5407528D
:10063000E07F982E7AC1E16F081A4030082F212EF2
:10064000D4002030982EAFB75032982EFA03052DE3
:10065000982E380E0030212ED4000030212E7C0040
:10066000182D012ED40003AA012F982E450E012E1D
:10067000D4003F8003A2012F002E022D982E5B0E86
:100680003030982ECEB70030212E7D005032982E7B
:10069000FA03012E770000B2242F982EF5CB032EFB
:1006A000D5001154010ABC848386212EC901E04083
:1006B0001352C4408240A8B9524243BE5342040A76
:1006C0005042E17FF0314140F26F25BD0808020A37
:1006D000D07F982EA8CF06BCD16FE26F080A804267
:1006E000982E58B70030212EEE00212E7700212EB3
:1006F000DD00802EF4011A242200802EEC0110501F
:10070000FB7F982EF3035750FB6F01307154114259
:10071000420EFC2FC02E0142F05F802E00C1FD2D45
:100720000100000000000000000000009A013403F6
:1007300000000000000000000000000000000000B9
:1007400000000000000000000000000000000000A9
:100750000000000000000000000000000000000099
:100760000000000000000000000000000000000089
:100770000000000000000000000000000000000079
:100780000000000000000000000000000000000069
:100790000000000000000000000000000000000059
:1007A00000002050E77FF67F06320F2E61F5FE092C
:1007B000C0B3042F17302F2EEF002D2E61F5F66FEA
:1007C000E76FE05FC82E2050E77FF67F46300F2EA0
:1007D000A4F1BE0980B3062F0D2ED40084AF022FE2
:1007E00016302D2E7B0086302D2E60F5F66FE76FCC
:1007F000E05FC82E012E77F709BC0FB800B2105089
:10080000FB7F10300B2F032E8A0096BC9FB840B29E
:10081000052F032E68F79EBC9FB840B2072F032E0A
:100820007E004190012F982EDC03032C0030212EF6
:100830007E00FB6FF05FB82E2050E07FFB7F002E24
:100840002750982E3BC82950982EA7C80150982EA3
:1008500055CCE16F2B50982EE0C9FB6F0030E05F64
:10086000212E7E00B82E7350013057541142420E93
:10087000FC2FB82E212E59F51030C02E212E4AF112
:100880009050F77FE67FD57FC47FB37FA17F907FB5
:10089000827F7B7F982E35B700B2902E97B0032EC3
:1008A0008F00072E9100052EB1003FBA9FB8012E90
:1008B000B100A3BD4C0A052EB10004BEBFB9CB0ADE
:1008C0004FBA22BD012EB300DC0A2FB9032EB800A7
:1008D0000ABE9A0ACFB99BBC012E97009FB8930A13
:1008E0000FBC910A0FB8900A252E1800052EC1F5ED
:1008F0002EBD2EB9012E190031308A040090072F29
:10090000012ED40004A2032F012E180000B20C2FD8
:1009100019500552982E4DB7052E78008090103052
:10092000012F212E7800252EDD00982E3EB700B233
:1009300002300130042F012E190000B2002F2130A7
:10094000012EEA00081A0E2F232EEA0033301B5026
:100950000B090140175646BE4B084C0A01420A805B
:1009600015520142002E012E180000B21F2F032E37
:10097000C0F5F030480847AA7430072E7A0061228B
:100980004B1A052F072E66F5BFBDBFB9C0900B2FC0
:100990001D562B30D242DB420104C24204BDFE8010
:1009A0008184232E7A0002420232252E62F5052E22
:1009B000D6008184252ED6000231252E60F5052E25
:1009C0008A000B50900880B20B2F052ECAF5F03E1E
:1009D0009008252ECAF5052E59F5E03F9008252EE2
:1009E00059F5906FA16FB36FC46FD56FE66FF76F56
:1009F0007B6F826F705FC82EC050907FE57FD47F81
:100A0000C37FB17FA27F877FF67F7B7F002E012E81
:100A100060F5607F982E35B70230636F1552507FB6
:100A2000627F5A2C02321A0900B3142F00B2032F2E
:100A3000092E180000910C2F437F982E97B71F5056
:100A4000028A02320430252E64F51552506F436F2E
:100A50004443252E60F5D908C0B2362F982E3EB7F4
:100A600000B2062F012E190000B2022F506F009025
:100A70000A2F012E79000090192F1030212E7900B5
:100A80000030982EDC03132D012EC3F50CBC0FB8DB
:100A90001230100403B0262521500352982E4DB772
:100AA0001030212EEE000230607F252E7900606F1D
:100AB0000090052F0030212EEA001550212E64F5FC
:100AC0001552232E60F50232506F0090022F033032
:100AD000272E7800072E60F51A090091A32F190917
:100AE0000091A02F906FA26FB16FC36FD46FE56FAD
:100AF0007B6FF66F876F405FC82EC050E77FF67F31
:100B000026300F2E61F52F2E7C000F2E7C00BE09A3
:100B1000A27F807F80B3D57FC47FB37F917F7B7FAF
:100B20000B2F23501A251240427F74821240527FAD
:100B3000002E0040607F982E6AD68130012E7C0006
:100B4000010800B2422F032E8900012E890097BCB4
:100B500006BC9FB80FB80090232ED800103001308B
:100B60002A2F032ED40044B2052F47B200302D2F78
:100B7000212E7C002B2D032EFDF59EBC9FB84090AE
:100B8000142F032EFCF599BC9FB840900E2F032E16
:100B900049F125544A084090082F982E35B700B2E5
:100BA0001030032F5030212ED400102D982EAFB7C7
:100BB0000030212E7C000A2D052E69F72DBD2FB99E
:100BC00080B2012F212E7D00232E7C00E031212ECA
:100BD00061F5F66FE76F806FA26FB36FC46FD56F6B
:100BE0007B6F916F405FC82E60510A253688F47F75
:100BF000EB7F0032315232301330982E15CB0A255C
:100C00003384D27F433005502D52982E95C1D26F38
:100C10002752982ED7C72A25B086C07FD37FAF84AE
:100C20002950F16F982E4DC82A25AE8AAA88F26EF7
:100C30002B50C16FD36FF47F982EB6C8E06E00B210
:100C4000322F33548386F16FC37F04303030F47F0A
:100C5000D07FB27FE330C56F56404541280803146A
:100C60000EB408BC8240100A2F542605917F4428F8
:100C7000A37F982ED9C008B933305309C16FD36F01
:100C8000F46F831747406C15B26FBE09750B904225
:100C90004542510E32BC0289A16F7E86F47FD07F1F
:100CA000B27F0430916FD62FEB6FA05EB82E032E6B
:100CB00097001BBC60509FBC0CB8F07F40B2EB7F2C
:100CC0002B2F032E7F004140012EC800011A112F47
:100CD0003758232EC8001041A07F38810141D07FB2
:100CE000B17F982E64CFD06F0780A16F1142002E84
:100CF000B16F01421130012EFC0000A80330CB225D
:100D00004A25012E7F003C8935520554982EC4CEC9
:100D1000C16FF06F982E95CF042D0130F06F982E93
:100D200095CFEB6FA05FB82E032EB3000232F030E8
:100D3000033130508A080808CB08E07F80B2F37F87
:100D4000DB7F252F032ECA004190042F0130232E74
:100D5000CA00982E3F03C0B2052F032EDA000030E0
:100D60004104232EDA00982E92B21025F06F00B2C3
:100D7000052F012EDA0002301004212EDA0040B2D5
:100D8000012F232EC801DB6FE06FD05F802E95CF3F
:100D90000130E06F982E95CF1130232ECA00DB6F03
:100DA000D05FB82ED0500A2533845550D27FE27FD1
:100DB000038CC07FBB7F0030055A39545141A57F59
:100DC000967F807F982ED9C00530F57F2025916FC2
:100DD0003B583D5C3B56982E67CCC16FD56F524057
:100DE0005043C17FD57F1025982EFEC91025982E1F
:100DF00074C0866F3028926F828CA56F6F52690E17
:100E00003954DB2F19A01530032F0030212E81011A
:100E10000A2D012E810105284236212E8101020E64
:100E2000012F982EF303575012300140982EFEC91F
:100E3000516F0B5C8E0E3B6F57580230212E95017F
:100E4000456F2A8DD27FCB7F132F02303F50D27F48
:100E5000A80E0E2FC06F535402005154420E103092
:100E600059520230012F002E032D504242421230BF
:100E7000D27F80B2032F0030212E8001122D012E4F
:100E8000C9000280052E8001113091280040252ED6
:100E90008001100E052F012E7F010190012F982E49
:100EA000F303002EA0410190A67F902EE3B4012E03
:100EB000950100A8902EE3B45B549580824080B2E7
:100EC00002402D8C3F52967F902EC2B3290E762F72
:100ED000012EC900004081284552B330982E0FCA18
:100EE0005D54807F002EA140727F82808240607FAF
:100EF000982EFEC91025982E74C0626F0530874069
:100F0000C0910430052F052E830180B21430002FCC
:100F10000430052EC900736F8140E2406904110F4F
:100F2000E1401630FE29CB40022F836F830F222F22
:100F30004756130F1230772F4954420E1230732F39
:100F400000910A2F012E8B0119A802306C2F6350DB
:100F5000002E17420542682C12300B25080F503026
:100F6000022F212E8301032D4030212E83012B2EB1
:100F700085015A2C123000912B25042F635002302A
:100F80001742172C0242982EFEC91025982E74C0C5
:100F9000052EC90081845B308240372E8301020E0A
:100FA000072F5F52403062404140910E012F212EA9
:100FB000830105302B2E85011230362C1630152575
:100FC000817F982EFEC91025982E74C019A2163064
:100FD000152F052E9701806F820E052F012E860199
:100FE0000628212E86010B2D032E87015F544E28E3
:100FF0009142002E8240900E012F212E8801023056
:10100000132C0530C06F081CA80F163005305B503C
:10101000092F02802D2E820105420580002E0242FA
:101020003E80002E06420230906F3E88014004410F
:101030004C280142078010252440004000A8F522DA
:10104000232944427A827E884340044100ABF52341
:10105000DF284342D9A0142F0090022FD26F81B213
:10106000052F6354062890428542092C02305B50BC
:101070000380292E7E012B2E8201054212302B2E59
:1010800083014582002E40407A8202A0082F6350DF
:101090003B30154205423780372E7E010542123023
:1010A000012EC900028C404084417A8C040F032F2A
:1010B000012E8B0119A4042F2B2E8201982EF303ED
:1010C000123081906152082F654265424380398415
:1010D00082880542454285420543002E80410090AA
:1010E000902EE1B46554C16F804000B243586950FE
:1010F000442F555CB7878C0F0D2E9601C440362FB8
:1011000041568B0E2A2F0B52A10E0A2F052E8F014E
:101110001425982EFEC94B54020F695005306554B2
:10112000152F032E8E014D5C8E0F3A2F052E8F0149
:10113000982EFEC94F54820F053069506554302FE8
:101140006D521530428C454204302B2C84436B5237
:10115000428C002E85431530242C45428E0F202FC3
:101160000D2E8E01B10E1C2F232E8E011A2D0E0E68
:10117000172FA10F152F232E8D01132D982E74C01C
:101180004354C20E0A2F655004800B3006820B4276
:10119000798041401230252E8C0101420530695082
:1011A000655484824384BE8C8440864126299442BF
:1011B000BE8ED57F19A143400B2E8C018440C741C0
:1011C0005D29272945428442C27F012FC0B31D2FCC
:1011D000052E940199A0012F80B3132F80B3182FEF
:1011E000C0B3162F12400140927F982E74C0926FA8
:1011F000100F2030032F1030212E7E010A2D212EBA
:101200007E01072D2030212E7E01032D1030212E4E
:101210007E01C26F012EC900BC8402808240004062
:10122000900ED56F022F1530982EF30341910530A3
:10123000072F67503D802B2E8F0105420480002E22
:101240000542022C00300030A26F988A864080A7A9
:10125000052F982EF303C030212E950106251A255F
:10126000E26F768296405643510EFB2FBB6F305F84
:10127000B82E012EB8000131410840B22050F230A2
:101280000208FB7F0130102F052ECC008190E07FFB
:10129000032F232ECC00982E55B6982E1DB5102561
:1012A000FB6FE06FE05F802E95CF982E95CF1030CA
:1012B000212ECC00FB6FE05FB82E00510558EB7F6C
:1012C0002A2589526F5A895013410640B3011642AC
:1012D000CB160640F3021342650EF52F054014307D
:1012E0002C29044208A10030902E52B6B388B08A4F
:1012F000B684A47FC47FB57FD57F927F73300430DE
:10130000554042408A17F3086B01900253B84B8254
:10131000ADBE717F450A0954847F982ED9C0A36F52
:101320007B54D042A37FF27F607F2025716F755A76
:101330007758795C7556982E67CCB16F626F5042C2
:10134000B17FB3301025982E0FCA846F2029716F9A
:10135000926FA56F76826A0E73300030D02FD26FF5
:10136000D17FB47F982E2BB715BD0BB8020AC26F80
:10137000C07F982E2BB715BD0BB8420AC06F081757
:1013800041188916E118D018A17F27251625982E17
:1013900079C08B54907FB330824080900D2F7D5266
:1013A000926F982E0FCAB26F900E062F8B5014308A
:1013B000426F516F144212420142002E316F982E3B
:1013C00074C0416F807F982E74C0826F10044352A6
:1013D000010F052ECB0000300430212F516F4358F0
:1013E0008C0E04301C2F8588416F04418C0F043013
:1013F000162F8488002E044104058C0E04300F2F14
:101400008288316F044104058C0E0430082F8388D4
:10141000002E04418C0F0430022F212EAD01143018
:101420000091142F032EA10141900E2F032EAD0128
:1014300014304C28232EAD0146A0062F81848D52F6
:1014400048828240212EA10142425C2C0230052EAE
:10145000AA0180B20230552F032EA901926FB3303A
:10146000982E0FCAB26F900F003002304A2FA26F31
:10147000875291008552510E022F002E432C0230CC
:10148000C26F7F52910E02303C2F516F8154982EC3
:10149000FEC91025B3302125982E0FCA326FC07FA8
:1014A000B3301225982E0FCA426FB07FB330122589
:1014B000982E0FCAB26F90288352982EFEC9C26F21
:1014C000900F003002301D2F052EA10180B2123086
:1014D0000F2F426F032EAB01910E0230122F526F6D
:1014E000032EAC01910F02300C2F212EAA010A2CE1
:1014F0001230032ECB008D58088941401143004320
:10150000252EA101D46F8F5200433A89002E10433B
:101510001043610EFB2F032EA001111A022F02258A
:10152000212EA001EB6F005FB82E915210300230D7
:10153000955652424B0EFC2F8D5488829356804212
:101540005342404242868354C02EC242002EA352D0
:101550000051524047401A25012E97008FBE7286D7
:10156000FB7F0B307CBFA5501008DFBA7088F8BF36
:10157000CB42D37F6CBBFCBBC50A907F1B7F0B4368
:10158000C0B2E57FB77FA67FC47F902E1CB7072E21
:10159000D200C0B20B2F9752012ECD00827F982E21
:1015A000BBCC0B30372ED200826F906F1A2500B261
:1015B0008B7F142FA6BD25BDB6B92FB980B2D4B08C
:1015C0000C2F99549B560B300B2EB100A1589B4207
:1015D000DB426C092B2EB1008B42CB42867F738499
:1015E000A756C30839520550727F637F982EC2C038
:1015F000E16F626FD10A012ECD00D56FC46F726F9B
:1016000097529D5C982E06CD236F906F9952C0B271
:1016100004BD5440AFB94540E17F0230062FC0B24F
:101620000230032F9B5C12309443854303BF6FBB92
:1016300080B3202F066F2601166F6E034542C090BF
:10164000292ECE009B52142F9B5C002E9341864185
:10165000E304AE0780AB042F80910A2F866F730FCF
:10166000072F836FC0B2042F544245421230042C1E
:101670001130022C1130113002BC0FB8D27F00B2F1
:101680000A2F012EFC00052EC701101A022F212E51
:10169000C701032D022C01300130B06F982E95CF79
:1016A000D16FA06F982E95CFE26F9F52012ECE0082
:1016B000824050420C2C42421130232ED200013085
:1016C000B06F982E95CFA06F0130982E95CF002E39
:1016D000FB6F005FB82E83860130003094402418E1
:1016E0000600530E4F02F92FB82EA952002E60406B
:1016F00041400DBC98BCC02E010A0FB8AB52533C00
:10170000524040404B00821626B901B841401008B3
:1017100097B80108C02E11300108438625400440C7
:10172000D8BE2C0B2211544203804B0EF62FB82E3C
:101730009F501050AD52052ED300FB7F002E13405A
:101740009342410EFB2F982EA5B7982E87CF012EDE
:10175000D90000B2FB6F0B2F012E69F7B13F0108D2
:101760000130F05F232ED900212E69F7802E7AB741
:10177000F05FB82E012EC0F8032EFCF51554AF56BD
:1017800082080B2E69F7CB0AB1588090DDBE4C0859
:101790005FB959228090072F0334C308F23A0A0830
:1017A0000235C0904A0A4822C02E232EFCF5105064
:1017B000FB7F982E56C7982E49C31030FB6FF05F01
:1017C000212ECC00212ECA00B82E032ED30016B82D
:1017D00002344A0C212E2DF5C02E232ED30003BC3B
:1017E000212ED500032ED50040B21030212E7700D7
:1017F0000130052F052ED8008090012F232E6FF584
:10180000C02E212ED90011308108012E6AF7713FB8
:1018100023BD0108020AC02E212E6AF730250030B0
:10182000212E5AF51050212E7B00212E7C00FB7FAB
:10183000982EC3B74030212ED400FB6FF05F0325F4
:10184000802EAFB7802E00C1802E00C1802E00C137
:10185000802E00C1802E00C1802E00C1802E00C1CC
:10186000802E00C1802E00C1802E00C1802E00C1BC
:10187000802E00C1802E00C1802E00C1802E00C1AC
:10188000012E5DF708BC80AC0EBB022F0030410476
:101890008206C0A40030112F40A9032F40910D2FC4
:1018A00000A70B2F80B3B358022F90A1261320233B
:1018B00080901030012FCC0E002F0030B82EB55084
:1018C000180808BC88B60D17C6BD56BCB758DABA9A
:1018D00004011D0A1050053032254503FB7FF63008
:1018E0002125982E37CA16B59ABC06B880A8410A99
:1018F0000E2F8090022F2D50480F092FBFA0042FCC
:10190000BF90062FB754CA0F032F002E022CB752D8
:101910002D52F233982ED9C0FB6FF137C02E01083B
:10192000F05FBF56B954D040C4400B2EFDF3BF52F8
:101930009042944295420530C1500F8806400441C0
:101940009642C54248BE73300D2ED8004FBA84422D
:10195000034281B3022F2B2E6FF5062D052E77F74C
:10196000BD569308252E77F7BB54252EC2F5072EBA
:10197000FDF34230B433DA0A4C00272EFDF3434026
:10198000D43FDC084342002E002E43402430DC0AC2
:1019900043420480032EFDF34A0A232EFDF36134F3
:1019A000C02E0142002E60501A257A86E07FF37F18
:1019B0000325C3524184DB7F3330982E16C21A258B
:1019C0007D82F06FE26F32251640944026018540FB
:1019D0008E17C4426E039542410EF42FDB6FA05F59
:1019E000B82EB051FB7F982EE80D5A25982E0F0E79
:1019F000CB583287C47F65896B8DC55A657FE17F7F
:101A0000837FA67F747FD07FB67F947F1730C752C5
:101A1000C954517F002E856F427F002E5141458170
:101A2000424113403B8A00404B04D006C0AC857F46
:101A3000022F02305104D306418405305D02C916DD
:101A4000DF08D3008D02AFBCB1B9590A656F1143ED
:101A5000A1B4524153410143347F657F2631E56F84
:101A6000D46F982E37CA326F756F83404241237FFF
:101A7000127FF63040255125982E37CA146F200565
:101A8000706F256F6907A26F316F0B3004429B4264
:101A90008B425542327F40A9C36F717F0230D040E4
:101AA000C37F032F4091152F00A7132F00A4112FE0
:101AB00084BD982E79CA556FB75454418200F33FC4
:101AC0004541CB02F630982E37CA356FA46F41439B
:101AD000032C0043A46F356F1730426F516F934052
:101AE00042820041C3000343517F002E9440414194
:101AF0004C02C46FD156630E746F5143A57F8A2F79
:101B0000092ED80001B3212FCB58906F1341B66F27
:101B1000E47F002E9141144092411540172E6FF53D
:101B2000B67FD07FCB7F982E000C0715C26F140BA9
:101B3000292E6FF5C3A3C18FE46FD06FE62F143049
:101B4000052E6FF5140B292E6FF5182DCD56043286
:101B5000B56F1C0151415241C340B57FE47F982EBF
:101B60001F0CE46F218700430432CF545A0EEF2F2D
:101B70001554092E77F7220B292E77F7FB6F505E4D
:101B8000B82E1050012ED40000B2FB7F512F01B2AD
:101B9000482F02B2422F0390562FD75279804240ED
:101BA000818400404242982E930CD954D750A140D2
:101BB00098BD82403E82DA0A44408B16E3005342CD
:101BC000002E43409A025242002E414015544A0EC4
:101BD0003A2F3A8200304140212E850F40B20A2F21
:101BE000982EB10C982E450E982E5B0EFB6FF05F71
:101BF0000030802ECEB7DD52D35442424F84733032
:101C0000DB5283421B306B422330272ED700372E06
:101C1000D400212ED6007A84172C42423030212E57
:101C2000D400122D21300030232ED400212E7BF73A
:101C30000B2D1730982E510CD5500C8272302F2E50
:101C4000D400252E7BF74042002EFB6FF05FB82EAC
:101C500070500A253986FB7FE1326230982EC2C46B
:101C6000B556A56FAB08916F4B08DF56C46F2309BB
:101C70004DBA93BC8C0BD16F0B09CB52E15E56422F
:101C8000AF094DBA23BD940AE56F68BBEB08BDB937
:101C900063BEFB6F5242E30AC02E4342905FD150B5
:101CA000032E25F3134000409BBC9BB408BDB8B97C
:101CB00098BCDA0A08B68916C02E190062021050C4
:101CC000FB7F982E810D012ED40031300804FB6F6C
:101CD0000130F05F232ED600212ED700B82E012E22
:101CE000D700032ED600480E012F802E1F0EB82ECF
:101CF000E350213401428230C132252E62F50100C9
:101D0000223001404A0A0142B82EE354F03B83409E
:101D1000D808E5528342003083305042C432272E27
:101D200064F5940050424042D33F84407D82E308F2
:101D300040428342B82EDD52003040427C86B95288
:101D4000092E700FBF54C442D3865440554094426C
:101D50008542212ED7004240252EFDF3C0427E82CF
:101D6000052E7D0080B2142F052E890027BD2FB9C6
:101D70008090022F212E6FF50C2D072E710F14303D
:101D80001C09052E77F7BD5647BE9308940A252EE9
:101D900077F7E75450424A0EFC2FB82E50500230CD
:101DA0004386E550FB7FE37FD27FC07FB17F002E6B
:101DB000414000404804982E74C01EAAD36F1430CE
:101DC000B16FE322C06F5240E46F4C0E1242D37FDA
:101DD000EB2F032E860F40901130032F232E860FFA
:101DE000022C0030D06FFB6FB05FB82E4050F17FF7
:101DF0000A253C86EB7F41332230982EC2C4D36F34
:101E0000F430DC094758C26F9409EB586ABBDC0810
:101E1000B4B9B1BDE95A950821BDF6BF770B51BEE3
:101E2000F16FEB6F52425442C02E4342C05F50509C
:101E3000F55031301142FB7F7B300B421130028074
:101E4000233301420300072E8003052ED3002352C3
:101E5000E27FD37FC07F982EB60ED16F080A1A2575
:101E60007B86D07F01331230982EC2C4D16F080A0E
:101E700000B20D2FE36F012E80035130C786232E51
:101E800021F208BCC042982EA5B7002E002ED02EFD
:101E9000B06F0BB8032E1B00081AB07F7030042FF0
:101EA000212E21F2002E002ED02E982E6DC0982EBD
:101EB0005DC0ED50982E44CBEF50982E46C3F150A4
:101EC000982E53C73550982E64CF1030982EDC03CF
:101ED0002026C06F02311242AB330B4237800130F3
:101EE0000142F337F752FB504440A20A42428B3181
:101EF000092E5EF7F954E30883421B4223334B005B
:101F0000BC840B40333083420B42E07FD17F982E5C
:101F100058B7D16F803040420330E06FF354043043
:101F2000002E002E0189620EFA2F43421130FB6F02
:101F3000C02E0142B05FC14A00006D570000778E8D
:101F40000000E0FFFFFFD3FFFFFFE5FFFFFFEEE133
:101F5000FFFF7C13000046E6FFFF000000000000CA
:101F60000000000000000000000000000000000071
:101F70000000000000000000000000000000000061
:101F80000000000000000000000000000000000051
:101F900000000000802E00C1802E00C1802E00C1F4
:101FA000802E00C1802E00C1802E00C1802E00C175
:101FB000802E00C1802E00C1802E00C1802E00C165
:101FC000802E00C1802E00C1802E00C1802E00C155
:101FD000802E00C1802E00C1802E00C1802E00C145
:101FE000802E00C1802E00C1802E00C1802E00C135
:101FF000802E00C1802E00C1802E00C1802E00C125
:10200000802E00C1802E00C1802E00C1802E00C114
:10201000802E00C1802E00C1802E00C1802E00C104
:10202000802E00C1802E00C1802E00C1802E00C1F4
:10203000802E00C1802E00C1802E00C1802E00C1E4
:10204000802E00C1802E00C1802E00C1802E00C1D4
:10205000802E00C1802E00C1802E00C1802E00C1C4
:10206000802E00C1802E00C1802E00C1802E00C1B4
:10207000802E00C1802E00C1802E00C1802E00C1A4
:1020800040F0200070472DE9F14FB0B09246049126
:102090000DF142013A9A2B9199464A7000200AE0CC
:1020A0001AF8011B0498309A90470028049000F019
:1020B00034860D98401C0D909AF8000050B12528E8
:1020C000EED1002100220791089209910A920B910A
:1020D0000C9204E00D9800F022BE41F001011AF8C4
:1020E000010F2028F9D023280CD02B2804D02D282C
:1020F00005D0302809D00BE041F00201EFE741F0B4
:102100000401ECE741F00801E9E741F01001E6E7DE
:102110002A280FD1D9F8002052F8040BC9F8002062
:1021200000280F9003D540420F9041F004010AF1BE
:10213000010A14E00F92DFF8EC3B0AE00F98984296
:1021400005DA00EB800402EB4402303A0F920AF108
:10215000010A9AF80020A2F130000A28EED39AF87A
:1021600000002E2803D04FF0FF320E9229E01AF81B
:10217000010F2A2809D1D9F8000050F8042BC9F81A
:1021800000000E920AF1010A1BE02D280CBF0AF193
:10219000010A002000220E92DFF8884B0BE040B9C4
:1021A0000E9AA24205DA02EB820503EB4503303BAF
:1021B0000E930AF1010A9AF80030A3F130020A2ABC
:1021C000EDD3ADF840100FF660309AF8001000F033
:1021D000EDFE08B11AF8010B8DF842009DF842009F
:1021E000682805D19AF8000068280CD1622106E021
:1021F0006C2804BF9AF800006C2804D171218DF876
:1022000042100AF1010A12A806901AF801BBBBF1AC
:1022100025012CD01C3900F09481091F022940F2BD
:102220009081133900F0AB84093900F08A81891E4E
:1022300000F04085491E00F0ED84491E022940F25D
:102240008081091F00F0E684491F00F0EF80491EDD
:1022500000F09584491E00F0D780C91E0CD0891E5D
:1022600000F08D84C91E00F08A8400F02EBD012389
:102270000793252100F026BDD9F8000050F8044B43
:10228000C9F80000002C059440F0AB802B994878E9
:10229000002800F0A1804FF0FF340FF6942000F0EA
:1022A00095FE241A40F0398500F01BBD01236A46D3
:1022B00002A9304600F000FE002840F02E85641E82
:1022C000F4D13096079C12AF74B1309E17F8011B01
:1022D0000498B0470028049000F01F850D98401C1A
:1022E000641E0D90F2D130960A9C3021002C8DF89E
:1022F00000100CDD309E01236A4602A9304600F032
:10230000DBFD002840F00985641EF4D13096059F5E
:10231000089C74B1309E17F8011B0498B047002840
:10232000049000F0FA840D98401C641E0D90F2D1C8
:1023300030960B9C3021002C8DF800100CDD309E67
:1023400001236A4602A9304600F0B6FD002840F09D
:10235000E484641EF4D1309605980899099C4718C6
:1023600074B1309E17F8011B0498B0470028049000
:1023700000F0D3840D98401C641E0D90F2D130966D
:102380000C9C3021002C8DF800100CDD309E0123B8
:102390006A4602A9304600F08FFD002840F0BD8457
:1023A000641EF4D130969DF8400041077FF584AE5D
:1023B0002020002D8DF800007FF77EAE309C012399
:1023C0006A4602A9204600F077FD002840F0A58467
:1023D0006D1EF4D130946FE60FF63C30059000F09E
:1023E00080BC0E9D002D04D5204600F00FFE044653
:1023F00007E02A46204600F025FE002814BF041BF3
:102400002C46089400F06DBCD9F8001051F8040B6C
:10241000C9F8001020F00004002121F0FF35CDE9BB
:10242000024512AB0593782100F040BC2B99487807
:1024300020B14FF0FF340FF6B02030E79DF8420096
:10244000622860D0682817D06A283FD06C2806D050
:10245000712847D074282CD07A281DD062E0D9F892
:10246000001051F8040BC9F80010002866D14FF095
:10247000FF340FF68C2012E7D9F8001051F8040B46
:10248000C9F8001020B94FF0FF340FF6742006E7AA
:102490000D99018000F025BCD9F8001051F8040B0B
:1024A000C9F80010002849D14FF0FF340FF6502032
:1024B000F5E6D9F8001051F8040BC9F8001000280F
:1024C0003CD14FF0FF340FF63820E8E6D9F8001081
:1024D00051F8040BC9F8001080B94FF0FF340FF623
:1024E0002020DCE6D9F8001051F8040BC9F80010E0
:1024F00020B94FF0FF340FF60820D0E60D9AD3171D
:10250000C0E90023EDE3D9F8001051F8040BC9F835
:10251000001020B94FF0FF340FF6E410BFE60D991C
:102520000170DEE3D9F8001051F8040BC9F800106F
:1025300020B94FF0FF340FF6C810B0E60D990160D6
:10254000CFE39DF842004C2807BFD9F80010CA1D00
:10255000D9F80000C21D22F00702C9F80020D2E914
:1025600000010832C9F80020CDE90201C80F02D0ED
:1025700007982D210AE0BDF84000810702D5079891
:102580002B2103E0C00705D50798202112AA11547A
:10259000401C079012A807994BF0200300EB010C98
:1025A000DDE90201CDE92C01612BCDF814C021AC8D
:1025B0000BD00E98002848BF062105D404BF4BF06D
:1025C0002000672801D101210E91DDE902014F00B1
:1025D00047EAD0777E15FF174FF0FF32974208BFCA
:1025E000964210D1090341EA10510003002908BFA7
:1025F000002808D0ABF1610503211A2D089118D3EA
:102600000FF61C1110E0DDE902014A00521512F12B
:10261000010F11D108030FD1ABF1610503211A2D70
:1026200008911FD30FF600110322604600F036FD1B
:1026300057E30FF6E801F7E7DDE902016A4600F02B
:1026400081FDCDE902014BF02000612811D10598F0
:1026500030210170821C0592BBF1610F0CBF782103
:10266000582102E00FF6BC01DEE741700798801C9C
:102670000790DDE9020120F0000231F0004308BFBD
:10268000002A02D10026002542E14BF02008B8F1D3
:10269000610F40F092800E98002847BF21210191E0
:1026A000401C0190019FDDE92C017F1C00220023CA
:1026B000DDE9024500F07EFD38BF85F00045009958
:1026C0008DF88420091F002F00910DF1850632DD61
:1026D000204629460022002300F086FD2BD21C2232
:1026E00000F09CFD04460D4600F01AFEFF1F002F6F
:1026F000804609DD00F01BFE02460B4620462946B7
:1027000000F01CFE04460D46F01D0721B8F1000F35
:102710000CDD491E5EBF08F00F0200F8012D4FEAE4
:102720002818F3D502E0002200F8012D491EFAD541
:10273000C61D002FCCDC0DF18500361A01980DF175
:1027400085048642D8BF304600282FD4B04206DA2E
:102750000DF185010A5C082AA8BF0F2100DA0021CB
:10276000024621AB134400E0401E13F80159521EEB
:102770008D42F9D00F2904D10DF185018B5C5B1CD2
:102780008B54002A04D50099091D21AC401C0091EE
:10279000411E0BD4621813783033DDB23A2DA4BF3A
:1027A0005B443A3B491E02F80139F4D50E990029E1
:1027B00040F1AC80421E0E92A8E00099DFF8E826B6
:1027C00047F29750414391FBF2F20092DDE92C452C
:1027D000C2F10702002A25F0004504DD2046294603
:1027E00000F03EFB0BE052420020DFF8C01600F084
:1027F00037FB02460B462046294600F0A8FD04465A
:102800000D46B8F1660F06BF009F0A3706270E98DF
:102810003F18142FC8BF142730208DF884000DF105
:102820008506002F34DD2046294600F099FD01463B
:102830000A4606F1080304200A26B2FBF6F606EB68
:10284000860EA2EB4E02303203F8012C0A22B6FBB0
:10285000F2F202EB820EA6EB4E063036401E03F873
:10286000026DE9D1083F002F03F10806D9DD0846C3
:1028700000F07DFD02460B462046294600F05EFD35
:102880000022DFF82C3600F079FD04460D46CAE739
:102890000DF18500361A0DF1850404E00098401E04
:1028A000761E0090641C20783028F7D0B8F1660FAF
:1028B00002D10098401C04E0B8F1650F0CBF012064
:1028C00000200E9940188642B8BF701E00281DD403
:1028D000B04204DA215C3429C8BF392100DC302140
:1028E0000246631E9D1800E0401E15F80169521E45
:1028F0008E42F9D0392902D1A15C491CA154002A89
:1029000004D50099491C1C46401C00910646009DB8
:102910000E9F30B2002802DC01260FF210644BF04B
:102920002000662808BF6D1C15D067280FFA85F8AF
:1029300041D118F1040F44DBB84542DA9DF840005C
:102940006D1C010703D430B2B842D8BF074628B285
:102950003F1A48BF00270FFA85F8B8F1000F00F3BF
:10296000AF800898411C0891302205990A54002F25
:1029700003DC9DF84000010705D50898411C08912B
:102980002E2205990A5417EB080FB8BF7D422DB2CD
:102990006842ED1932B20B909542B8BF2E46059BA6
:1029A000089836B2099632462146184400F076FB64
:1029B000AD1B0C95CCE0BBF1610F15D14FF0700B46
:1029C00017E030B2B84204DA9DF840100A0758BF49
:1029D00007467F1E48BF0027BBF1670F14BF4FF0AB
:1029E000450B4FF0650B04E0BBF1410F08BF4FF002
:1029F000500B0898411C0891002F059914F8012BE1
:102A00000A5403DC9DF84000010719D50898411CC1
:102A100008912E2205990A54002F11DD761E30B23E
:102A20008742B8BF3E460598089B32B221461844FB
:102A300000F034FB089836B23018BF1B08900B9793
:102A4000059808990844B8F1000F80F800B003D445
:102A50002B224270821C04E02D2145464170821CCD
:102A60006D4200212CAB28460AE004460A2094FB64
:102A7000F0F000EB8005A4EB450403F8014B491C82
:102A800000B20028F1DC012906DC4BF020006528AB
:102A900004BF302002F8010B00292CAB08D13020F4
:102AA00002F8010B06E0491E585C303002F8010BB9
:102AB0000029F8DC059908980844121A099247E0A1
:102AC00030B229B288421BDA0598089B32B22146FF
:102AD000184400F0E3FA089936B271180891A8EB8F
:102AE0000600002F0B9003DC9DF84000020705D57F
:102AF000059A2E2050540999491C09910C9727E0FA
:102B00000598089B2AB22146184400F0C7FA089895
:102B1000761B4044002F089003DC9DF840100A0704
:102B200004D5411C08912E2205990A5430B28742DF
:102B3000B8BF3E460598089B32B204EB0801184422
:102B400000F0ACFA089836B23018BE1B08900B960D
:102B50009DF8400000F01400102840F0C280079A51
:102B600008980B99821809988A1882180C980F995E
:102B70008018884280F2B580081A0A90B1E09DF86A
:102B80004200622808D068280ED06A2814D06C2829
:102B90001FD0712810D01CE0D9F8001051F8040B98
:102BA000C9F80010C0B21AE0D9F8001051F8040BAF
:102BB000C9F8001080B212E0D9F80000C21D22F05E
:102BC0000702C9F80020D2E900010832C9F8002044
:102BD00006E0D9F8001051F8040BC9F800100021E4
:102BE000CDE902019DF8400001075AD5DDE9022335
:102BF000002B08BF002A54D04BF02000782850D179
:102C0000079812A930220A54401C431C079301F86C
:102C100000B046E09DF84200622808D068280ED037
:102C20006A2814D06C281FD0712810D01CE0D9F865
:102C3000001051F8040BC9F8001040B21AE0D9F89E
:102C4000001051F8040BC9F8001000B212E0D9F8D6
:102C50000000C21D22F00702C9F80020D2E90001DD
:102C60000832C9F8002006E0D9F8001051F8040B2A
:102C7000C9F80010C117CDE90201002902D5079853
:102C80002D210AE0BDF84000810702D507982B21CD
:102C900003E0C00705D50798202112AA1154401C53
:102CA000079012A8079901440591594602A800F01F
:102CB0004DF816E001200790D9F8000050F8041BE9
:102CC000C9F800008DF848100BE001212522BBF166
:102CD000000F07918DF8482003D0022207928DF84B
:102CE00049B00F9D07990A986D1A08992D1A0B98EB
:102CF0006D1A09992D1A0C986D1A9DF840102D1A0D
:102D000048073FF5DFAA2021002D8DF800107FF73E
:102D1000D9AA309E2C46FFF7C9BA4FF0FF3031B028
:102D2000BDE8F08FCBCCCC0C686A6C747A4C000098
:102D30007072696E74665F733A20626164202573F5
:102D400020617267756D656E740000002DE9FC47A7
:102D500007468A463C6950466F2808BF082505D0BB
:102D6000FFF78EF9782814BF0A251025D7E900014E
:102D70003C2680468946BAF1640F18BFBAF1690F44
:102D800005D1002903D5D8F1000869EB4909B9F14B
:102D9000000F08BFB8F1000F0CD1386B50B9082DE7
:102DA0003AD197F83800010736D530223B2684F80F
:102DB0003B2031E08DF800A0404649462A46EB17FB
:102DC00000F0E6FA3032D0B2761E3A2801960EDADA
:102DD000A255404649462A46EB1700F0D9FA8046EC
:102DE0005FEA010908BFB8F1000F05D108E09DF8BE
:102DF00000001218513AEBE7F868A1198842DBD3BA
:102E0000082D09D197F83800010705D5A05D3028B5
:102E100002D0761E3020A055C6F13C03BB61A1193B
:102E2000F960386B834208DAC31A3B624FF6EF70E1
:102E3000398F01403987BDE8F38700280ED597F810
:102E4000380000F01400102808D17A6B7969386ACC
:102E5000521A121AD21A002AC8BF3A62BDE8F38782
:102E60002DE9D04306460F4614464FF00008DFF820
:102E7000449012E0E00707D542464B4630463946BB
:102E800000F07CFA06460F464046494642464B460D
:102E900000F074FA641080468946002CEAD130466E
:102EA0003946BDE8D0830000A08601000000F03F55
:102EB00084D7974100002440F8B505460E461746D2
:102EC0001C4600205CB117F8011BB068A847B06031
:102ED00030B1F06A401CF0620020641EF3D1F2BDF4
:102EE0004FF0FF30F2BD00007072696E74665F7360
:102EF0003A20256E20646973616C6C6F776564009D
:102F00007072696E74663A2062616420256E206179
:102F10007267756D656E7400000000006E616E0072
:102F20004E414E00696E6600494E46003000F0B4D6
:102F30000246106895681318506803EB5004C007E8
:102F400048BF4D44A3422DD013F8016B16F0030087
:102F500004BF13F8010BC01C31090F2907D113F866
:102F6000011B0F3103E013F8017B05F8017B401EC4
:102F7000F9D10029E6D013F8010BC6F38106032E20
:102F800008BF13F8016B00EB0620404228440026DE
:102F9000B71E8F421EBF10F8017B05F8017B761C1F
:102FA000F6D1CFE7F0BC02F10C007047C9B202784D
:102FB0008A421AB11CBF10F8012FF9E718BF002090
:102FC00070470268531C03601170704780B500B9E8
:102FD00006A005490B681BB122220021984701E099
:102FE00000F0EEFA222002BD1C130228636F6E73FC
:102FF000747261696E742068616E646C65723A20E7
:10300000626164206D6573736167650000F101039F
:10301000810704D010F8011B820781B1FAD1026840
:10302000A2F10131914311F0803104BF50F8042F17
:10303000F6E709BAB1FA81F100EBD100401CC01AE1
:1030400070470000C9B2830706D0521E22D310F881
:10305000013B9942F7D11FE0083A13D302F1040271
:1030600041EA012141EA014150F8043B121F21BF0E
:103070004B40A3F1013C2CEA030C1CF0803FF3D041
:10308000C9B2001F083210F8013B521E28BF91EA56
:10309000030FF8D818BF0120401E704762B38B079A
:1030A00008D0521E11F8013B00F8013B00F02480CB
:1030B0008B07F6D1830740F0208000BF103A07D37A
:1030C00030B4B1E83810103AA0E83810F9D230BC6A
:1030D000530724BFB1E80810A0E8081044BF51F816
:1030E000043B40F8043BD20724BF31F8022B20F800
:1030F000022B44BF0B7803707047121F17D35B007D
:1031000009D151F8043B20F8023B1B0C121F20F898
:10311000023BF6D20BE051F8043B00F8013B1B0ADE
:1031200020F8023B1B0C121F00F8013BF3D238BF02
:10313000121D521E24BF11F8013B00F8013BF8D8C4
:103140007047000010B5144600F002F8226010BD70
:10315000C1F30A5343B14A0012F5001F28D2A3F26B
:10316000FE32A1EB0251704750EA410C20D001F031
:10317000004C31EA0C01B1FA81F204BFB0FA80F3DD
:10318000D2180B3AB2F120032CBF00FA03F19140A0
:1031900041EA0C013EBFC2F1200C20FA0CF31943A6
:1031A0009040524240F2FD33D21A01EB0351704776
:1031B0000022704741EA030C50EA4C0C52EA0C0C16
:1031C0004FF4001C09D307D01CEB410F9CBF1CEB34
:1031D000430F8B4208BF824270471CEB430FFBD862
:1031E000994208BF9042704741EA030C50EA4C0CE8
:1031F00052EA0C0C4FF4001C09D307D01CEB410F12
:103200009CBF1CEB430F994208BF904270471CEBD8
:10321000410FFBD88B4208BF8242704700B541EC9A
:10322000100B104600F004F851EC100B00BD00BF6D
:10323000020030EE101B40F2FF7C37D41CEA115321
:1032400013D063456BD09B18634504D201EB025148
:1032500020EE101B704701F0004141EA0C510020A4
:1032600041EC100BAFF30080704710EE100B50EAEA
:10327000410054D0B2F57F7F08D202EB5C01090512
:10328000002041EC110B20EE010B70474FF0FE4186
:10329000002341EC113B20EE010BB2F57E7230EEC3
:1032A000101B4FEA410342EB5353CDE752421CEA55
:1032B000115316D0634532D09A4204D2A1EB025189
:1032C00020EE101B70475B1ED21AA1EB035120EEBB
:1032D000101B372A0CD3002001F0004141EC100BE9
:1032E000C0E710EE100B50EA410018D0372AF2D296
:1032F000C2EB5C021105002041EC110BF1EE100A4B
:1033000020F01F0121F4F851E1EE101A20EE010B1C
:10331000F1EE101AE1EE100A11F0080FA2D1704779
:1033200041EC100BBDEEC00B10EE100A704700EE22
:10333000100AB8EEC00B51EC100B704741EC100BAB
:1033400043EC112B30EE410B51EC100B704741EC6C
:10335000100B43EC112B80EE010B51EC100B70475E
:1033600041EC100BBCEEC00B10EE100A704700EEE3
:10337000100AB8EE400B51EC100B704741EC100BEB
:1033800043EC112B20EE010B51EC100B70470000A9
:10339000BBBBE1B1B2F5803F80F07E80022A1ED92E
:1033A0008C46B1FBF2F102FB11C31B0443EA10434C
:1033B000B3FBF2FC02FB1C3380B240EA0343B3FBD5
:1033C000F2F002FB103240EA0C4000237047022A60
:1033D00005D98446B0FBF2F002FB10C270474AB137
:1033E00005D100F0010249085FEA30007047002271
:1033F0000023704700F0E8B80B0002000021002015
:103400007047904271EB030CF6D3B3F5803F2FD297
:10341000F0B5B3FA83F7B1FA81F4A7F10F0E3D1BB3
:103420005340CEF1200602FA0EF2F3415340B5F1BB
:103430000F0746D80F3C2C444140C4F12006A04061
:10344000F1414140B1FBF3F603FB1611A2FB064527
:10345000001BA94102D2761E8018594180EA010260
:1034600021FA0EF362FA0EF200215A403046F0BD06
:1034700030B4B1FBF3FC03FB1C11A2FB0C45001B99
:10348000A94103D2ACF1010C8018594130BC02466D
:103490000B46604600217047B2F1807F65D3F0B5DE
:1034A000B2FA82F7B1FA81F4C7F10F063D1B22FA96
:1034B00006F307F1110EF24120355A40B5F10F071E
:1034C000B8D94140C4F12006A040F1414140B1FBD0
:1034D000F3FC03FB1C11A2FB0C45001BA94103D20A
:1034E000BCF1010C801859410F2F12D30F3FC903B3
:1034F00041EA5041B1FBF3F603FB1611A2FB06456E
:10350000D4EBC030A94102D2761E8018594146EA58
:10351000CC3C07B34140C7F12006B840F1414140DF
:10352000B1FBF3F603FB1611A2FB0645001BA941F4
:1035300002D2761E8018594180EA010221FA0EF368
:10354000C7F1200462FA0EF20CFA07F05A402CFA86
:1035500004F13043F0BD80EA010221FA0EF30021AC
:1035600062FA0EF260465A40F0BD8C46B1FBF2F1B1
:1035700002FB11C31B0243EA1063B3FBF2FC02FB24
:103580001C331B024CEA002043EA1063B3FBF2FC3D
:1035900002FB1C331B024CEA002043EA1063B3FB1E
:1035A000F2FC02FB1C331B024CEA002043EA1063CE
:1035B000B3FBF2FC02FB1C324CEA002000237047F4
:1035C000012000F003B800007047000080B5AFF3A1
:1035D0000080024A11001820ABBEFBE72600020063
:1035E000022801D3012010E00B00DBB2042B01DB29
:1035F00001200AE0DFF8283803EB8000C9B2405C04
:10360000824201D3012000E000207047F8B5060097
:103610000F0015001C00022E01D301201DE02A001E
:103620003900C9B23000FFF7DBFF012801D10120CA
:1036300013E03800C0B2002812D1B4F5807F0DD25B
:10364000DFF8E0077603304400EB850010F580508A
:10365000016864F30F2101600020F2BD0120FCE746
:10366000FFB2012F11D1B4F5803F0CD2DFF8B407BF
:103670007603304400EB850010F5A050016864F338
:1036800017210160E8E70120E7E70120E5E700B244
:103690000012C0B27047F8B505000E0017002800F0
:1036A00000B2FFF7F4FF04002000C0B2022801D3EB
:1036B000012024E03A003100C9B22000C0B2FFF777
:1036C0008FFF012801D1012019E0DFF858172000F1
:1036D000C0B2400308442A00D2B200EB8200D0F806
:1036E000000CF6B266F3092067F30700E4B2640346
:1036F0002144EDB201EB8501C1F8000C0020F2BDC0
:1037000070B504000D001600022C01D301201DE04D
:1037100032002900C9B22000FFF762FF012801D161
:10372000012013E0DFF8FC166003085850F0004059
:1037300050F0407050F47F00EDB265F3092066F35D
:1037400007006203885064030859002070BD10B55B
:10375000C0B2002800F0EA80022800F0EB80C0F040
:10376000E780042800F0EA80C0F0E680062800F038
:10377000E980C0F0E580082800F0E880C0F0E4802F
:103780000A2800F0E780C0F0E3800C2800F0E68013
:10379000C0F0E2800E2800F0E580C0F0E180102843
:1037A00000F0E480C0F0E080122800F0E380C0F078
:1037B000DF80142800F0E280C0F0DE80162800F0E0
:1037C000E180C0F0DD80182800F0E080C0F0DC80EF
:1037D0001A2800F0DF80C0F0DB801C2800F0DE80BB
:1037E000C0F0DA801E2800F0DD80C0F0D9802028EB
:1037F00000F0DC80C0F0D880222800F0DB80C0F030
:10380000D780242800F0DA80C0F0D680262800F087
:10381000D980C0F0D580282800F0D880C0F0D480AE
:103820002A2800F0D780C0F0D3802C2800F0D68062
:10383000C0F0D2802E2800F0D580C0F0D180302892
:1038400000F0D480C0F0D080322800F0D380C0F0E7
:10385000CF80342800F0D280C0F0CE80362800F02F
:10386000D180C0F0CD80382800F0D080C0F0CC806E
:103870003A2800F0CF80C0F0CB803C2800F0CE800A
:10388000C0F0CA803E2800F0CD80C0F0C98040283A
:1038900000F0CC80C0F0C880422800F0CB80C0F09F
:1038A000C780442800F0CA80C0F0C680462800F0D7
:1038B000C980C0F0C580482800F0C880C0F0C4802E
:1038C0004A2800F0C780C0F0C3804C2800F0C680B2
:1038D000C0F0C2804E2800F0C580C0F0C1805028E2
:1038E00000F0C480C0F0C080522800F0C380C0F057
:1038F000BF80542800F0C280C0F0BE80562800F07F
:10390000C180C0F0BD80582800F0C080C0F0BC80ED
:103910005A2800F0BF80C0F0BB805C2800F0BE8059
:10392000C0F0BA805D2800F0BB80BBE01924BFE086
:103930003124BDE01824BBE03324B9E03524B7E0DE
:103940001424B5E03724B3E01324B1E02024AFE021
:103950001224ADE02124ABE01124A9E01024A7E05B
:103960002824A5E02924A3E02A24A1E009249FE03B
:103970002B249DE008249BE02C2499E0032497E06D
:10398000022495E0392493E03B2491E03D248FE02C
:1039900001248DE03F248BE0002489E0402487E06F
:1039A000412485E0422483E0432481E0BF247FE07A
:1039B00048247DE049247BE0BC2479E0992477E029
:1039C0009A2475E0502473E09B2471E0B6246FE0E4
:1039D00051246DE09C246BE0B52469E0522467E03B
:1039E000A02465E0B42463E0532461E0B3245FE0E5
:1039F00054245DE0B2245BE0B12459E0AD2457E0EB
:103A0000602455E0AE2453E0612451E0AD244FE042
:103A100062244DE063244BE0AB2449E0642447E09A
:103A2000AA2445E0652443E0A92441E0A8243FE01E
:103A300069243DE06B243BE06D2439E06F2437E0DE
:103A4000A32435E0702433E0A22431E071242FE078
:103A5000A1242DE097242BE0962429E0742427E06C
:103A6000952425E0752423E0942421E093241FE08D
:103A700092241DE078241BE0792419E08C2417E0BF
:103A80007A2415E08B2413E07B2411E08A240FE0D4
:103A90005A240DE059240BE0892409E0582407E05A
:103AA000882405E09D22DFF84019002000F033FE55
:103AB0002000C0B210BD10B5C0B2002800F0EA80EE
:103AC000022800F0EB80C0F0E780042800F0EA80D4
:103AD000C0F0E680062800F0E980C0F0E580082804
:103AE00000F0E880C0F0E4800A2800F0E780C0F031
:103AF000E3800C2800F0E680C0F0E2800E2800F0A1
:103B0000E580C0F0E180102800F0E480C0F0E080A3
:103B1000122800F0E380C0F0DF80142800F0E2807B
:103B2000C0F0DE80162800F0E180C0F0DD801828AB
:103B300000F0E080C0F0DC801A2800F0DF80C0F0E8
:103B4000DB801C2800F0DE80C0F0DA801E2800F048
:103B5000DD80C0F0D980202800F0DC80C0F0D88063
:103B6000222800F0DB80C0F0D780242800F0DA8023
:103B7000C0F0D680262800F0D980C0F0D580282853
:103B800000F0D880C0F0D4802A2800F0D780C0F0A0
:103B9000D3802C2800F0D680C0F0D2802E2800F0F0
:103BA000D580C0F0D180302800F0D480C0F0D08023
:103BB000322800F0D380C0F0CF80342800F0D280CB
:103BC000C0F0CE80362800F0D180C0F0CD803828FB
:103BD00000F0D080C0F0CC803A2800F0CF80C0F058
:103BE000CB803C2800F0CE80C0F0CA803E2800F098
:103BF000CD80C0F0C980402800F0CC80C0F0C880E3
:103C0000422800F0CB80C0F0C780442800F0CA8072
:103C1000C0F0C680462800F0C980C0F0C5804828A2
:103C200000F0C880C0F0C4804A2800F0C780C0F00F
:103C3000C3804C2800F0C680C0F0C2804E2800F03F
:103C4000C580C0F0C180502800F0C480C0F0C080A2
:103C5000522800F0C380C0F0BF80542800F0C2801A
:103C6000C0F0BE80562800F0C180C0F0BD8058284A
:103C700000F0C080C0F0BC805A2800F0BF80C0F0C7
:103C8000BB805C2800F0BE80C0F0BA805D2800F0E8
:103C9000BB80BBE00824C0E00824BEE00824BCE0F0
:103CA0000824BAE00824B8E00824B6E00824B4E008
:103CB0000824B2E00824B0E00824AEE00824ACE018
:103CC0000824AAE00824A8E00824A6E00824A4E028
:103CD0000824A2E00824A0E008249EE008249CE038
:103CE00008249AE0082498E0082496E0082494E048
:103CF000082492E0082490E008248EE008248CE058
:103D000008248AE0082488E0082486E0082484E067
:103D1000082482E0082480E008247EE008247CE077
:103D200008247AE0082478E0082476E0082474E087
:103D3000082472E0082470E008246EE008246CE097
:103D400008246AE0082468E0082466E0082464E0A7
:103D5000082462E0082460E008245EE008245CE0B7
:103D600008245AE0162458E0082456E0082454E0B9
:103D7000082452E0082450E008244EE008244CE0D7
:103D800008244AE0082448E0082446E0082444E0E7
:103D9000082442E0082440E008243EE008243CE0F7
:103DA00008243AE0082438E0082436E0082434E007
:103DB000082432E0082430E008242EE008242CE017
:103DC00008242AE0082428E0082426E0082424E027
:103DD000082422E0082420E008241EE008241CE037
:103DE00008241AE0082418E0082416E0082414E047
:103DF000082412E0082410E008240EE008240CE057
:103E000008240AE0082408E0082406E04FF486723B
:103E1000DFF8D415002000F07EFC2000C0B210BDF9
:103E200048D308100000044080B5C0B2002800F05C
:103E3000EA80022800F0EB80C0F0E780042800F060
:103E4000EA80C0F0E680062800F0E980C0F0E58056
:103E5000082800F0E880C0F0E4800A2800F0E7803D
:103E6000C0F0E3800C2800F0E680C0F0E2800E286D
:103E700000F0E580C0F0E180102800F0E480C0F0A0
:103E8000E080122800F0E380C0F0DF80142800F00A
:103E9000E280C0F0DE80162800F0E180C0F0DD8016
:103EA000182800F0E080C0F0DC801A2800F0DF80E5
:103EB000C0F0DB801C2800F0DE80C0F0DA801E2815
:103EC00000F0DD80C0F0D980202800F0DC80C0F058
:103ED000D880222800F0DB80C0F0D780242800F0B2
:103EE000DA80C0F0D680262800F0D980C0F0D580D6
:103EF000282800F0D880C0F0D4802A2800F0D7808D
:103F0000C0F0D3802C2800F0D680C0F0D2802E28BC
:103F100000F0D580C0F0D180302800F0D480C0F00F
:103F2000D080322800F0D380C0F0CF80342800F059
:103F3000D280C0F0CE80362800F0D180C0F0CD8095
:103F4000382800F0D080C0F0CC803A2800F0CF8034
:103F5000C0F0CB803C2800F0CE80C0F0CA803E2864
:103F600000F0CD80C0F0C980402800F0CC80C0F0C7
:103F7000C880422800F0CB80C0F0C780442800F001
:103F8000CA80C0F0C680462800F0C980C0F0C58055
:103F9000482800F0C880C0F0C4804A2800F0C780DC
:103FA000C0F0C3804C2800F0C680C0F0C2804E280C
:103FB00000F0C580C0F0C180502800F0C480C0F07F
:103FC000C080522800F0C380C0F0BF80542800F0A9
:103FD000C280C0F0BE80562800F0C180C0F0BD8015
:103FE000582800F0C080C0F0BC805A2800F0BF8084
:103FF000C0F0BB805C2800F0BE80C0F0BA805D28B5
:1040000000F0BB80BBE00020C0E00020BEE001204B
:10401000BCE00120BAE00220B8E00320B6E00320B3
:10402000B4E00420B2E00420B0E00520AEE00520BA
:10403000ACE00620AAE00720A8E00920A6E00A20BC
:10404000A4E00B20A2E00B20A0E00C209EE00C20BE
:104050009CE00D209AE00D2098E00E2096E00F20C5
:1040600094E0102092E0112090E011208EE01220C8
:104070008CE012208AE0132088E0142086E01520CE
:1040800084E0162082E0162080E018207EE01920CF
:104090007CE019207AE01A2078E01B2076E01C20D2
:1040A00074E01C2072E01C2070E01D206EE01D20DA
:1040B0006CE01D206AE01E2068E01E2066E01E20E5
:1040C00064E01F2062E01F2060E020205EE02020EE
:1040D0005CE021205AE0222058E0242056E02420F1
:1040E00054E0252052E0252050E026204EE02720F5
:1040F0004CE027204AE0282048E0282046E02920FC
:1041000044E0292042E02A2040E02C203EE02D20FF
:104110003CE02E203AE02F2038E02F2036E03020FF
:1041200034E0302032E0312030E031202EE0322007
:104130002CE033202AE0342028E0342026E035200B
:1041400024E0352022E0362020E037201EE0382011
:104150001CE039201AE0392018E03A2016E03A2015
:1041600014E03B2012E03B2010E03B200EE03C201E
:104170000CE03C200AE03D2008E03D2006E040F253
:104180007B129949002000F0C6FA0020C0B202BD9F
:10419000002007E09549C2018A5822F00042C3017D
:1041A000CA50401C3F28F5DB704770B504000E0074
:1041B000002000202000C0B2FFF736FE8B4DC0B2B9
:1041C000C0012844006A80B206FB00F642F210707B
:1041D000B6FBF0F62000C0B2FFF726FEC00128446F
:1041E000B6B246612000C0B2FFF71EFE0100C9B2A0
:1041F000C9012944096C51F00101C0B2C001284431
:10420000016470BD2DE9F041AAB004000D00160054
:10421000342100221DAF380000F010FB0020742173
:1042200000226F46380000F009FB0E201E9020008F
:10423000C0B2FFF740FC8DF87C002000C0B2FFF751
:1042400086FA07005FF008082000C0B2FFF77FFA87
:104250001DAA97FBF8F108FB11773900644BC0B237
:10426000C010C001184400F0A8FB2000C0B2FFF746
:10427000DBFD00220121C0B210F5937000B2FFF700
:104280000AFA2000C0B2FFF7CFFDC0B210F593705C
:1042900000B2FFF7FCF9092300220121C0B2FFF7A9
:1042A000B5F92000C0B2FFF7BFFDC0B210F59370A2
:1042B00000B2FFF7ECF900220121C0B2FFF720FAAB
:1042C0004C48B0FBF5F1090C4A482A04B0FBF2F364
:1042D00002FB1300002800D0491C022903D2002051
:1042E0008DF801002FE0032903D201208DF8010091
:1042F00029E0052903D202208DF8010023E00929D5
:1043000003D203208DF801001DE0112903D20420FF
:104310008DF8010017E0212903D205208DF8010056
:1043200011E0412903D206208DF801000BE081291C
:1043300003D207208DF8010005E040F2C9122A4996
:10434000002000F0E8F904208DF8000001208DF82D
:10435000100000208DF8110003208DF812000320BA
:104360008DF8130000208DF80800224901229DF9E4
:1043700001008240B1FBF2F0B0FBF5F0401E059069
:104380000598401C06FB00F642F21070B6FBF0F0F8
:10439000089002208DF8400003208DF8680001206D
:1043A0001B9001208DF828002000C0B2FFF73CFDD3
:1043B0000E4D6946C0B2C001284400F03DFB20000C
:1043C000C0B2FFF731FDC0B2C001284400F034FC98
:1043D0002000C0B2FFF728FDC0B2C001284400F0A1
:1043E00030FC2AB0BDE8F08108D008100000584029
:1043F0000000314000127A0082B0002001900020BD
:1044000000900020019009E00098401C0090009866
:10441000B0F5005FF8D30198401C01900198B0F509
:10442000805F02D200200090F1E702B0704780B5B3
:104430000100002000F077FE01BD2DE9F043ADF54D
:10444000137D0700884616001C000020ADF802000E
:104450000020ADF80000002002900020ADF804001C
:104460000020ADF806004046FEF7D0FD0290DFF8D0
:1044700090532888002801D028698047DFF88403FA
:104480000078002800F033812888002800F011818E
:10449000BDF90600411CADF806103A00010089B2D2
:1044A0000020EB68984747464046FEF7AFFD029074
:1044B0006888A97990FBF1F0ADF804003800471C3A
:1044C00000780028FAD10020ADF800000EE07F1E31
:1044D00038782F2802D038785C2804D1BDF8000045
:1044E000401CADF800000298401E0290BDF800008C
:1044F000022802DA02980028E9D50298002806D49A
:104500007A1CDFF8041353A801F044F80EE0BDF85C
:104510000000002805D13A00BC4953A801F03AF840
:1045200004E03A00B84953A801F034F80020ADF88F
:10453000020042E0BDF80010BDF80020BDF80230D6
:1045400053AF9BB2BDF90400434313FA82F0385CC9
:1045500043AA89B25054BDF80000401CADF80000D9
:10456000BDF8000080B2BDF9041088420EDA53A8ED
:10457000FEF74CFDBDF80020BDF802309BB2BDF93E
:1045800004104B4313FA82F18842D3D2002043A98E
:10459000BDF800208854BDF90600411CADF8061096
:1045A00043AAE97911FB00F189B20020EB68984732
:1045B000BDF80200401CADF80200BDF8027053A81F
:1045C000FEF724FDBDF90410B0FBF1F0401CBFB2B2
:1045D000874203D20020ADF80000C1E732008C49C9
:1045E00053A800F0D7FFBDF90600411CADF8061036
:1045F00053AAE97911FB00F189B20020EB689847D2
:10460000002C74D00020ADF8020041E0BDF800108D
:10461000BDF80020BDF802309BB2BDF90400434351
:1046200013FA82F0205C43AA89B25054BDF800000E
:10463000401CADF80000BDF8000080B2BDF90410C8
:1046400088420EDA2000FEF7E1FCBDF80020BDF83C
:1046500002309BB2BDF904104B4313FA82F1884239
:10466000D4D2002043A9BDF800208854BDF906002B
:10467000411CADF8061043AAE97911FB00F189B29B
:104680000020EB689847BDF80200401CADF802001E
:10469000BDF802602000FEF7B9FCBDF90410B0FBC4
:1046A000F1F0401CB6B2864221D20020ADF80000E5
:1046B000C1E74FF4807100220DF10C09484600F06B
:1046C000BDF83800A9688847002C07D00094330053
:1046D0004246504903A800F05DFF05E03300424622
:1046E0004D4903A800F056FF03A8A96888470DF5B7
:1046F000137DBDE8F08310B542480078002809D04A
:10470000474C2100002000F01CFD012221004348FD
:1047100000F0C5FF10BD38B50C001500C0B2002870
:1047200003D140480078002800D131BD3E490878C7
:10473000002800D0FEE70878401C087001F0B8F9A6
:1047400000232A0021003948FFF777FEFFF754FEC7
:10475000F6E710B514001A00C0B2002808D12948A5
:104760000078002804D00B0021003148FFF765FED7
:1047700010BD002101804FF6FF7141808180FF2133
:104780008171C171002181600021C160002101613E
:1047900070471B4902880A8042884A8082888A8042
:1047A00082798A71C279CA7182688A60C268CA6075
:1047B00000690861012013490870704700B585B091
:1047C0006846FFF7D6FF1B4802906846FFF7E1FFF7
:1047D00005B000BD80B5FFF7F1FF002300225FF4B4
:1047E000E131002000F0D2FD4023134A00210B48A4
:1047F00001F0F5F80121002000F049FD01BD0000A5
:10480000FC1102283213022824D3081004D3081004
:1048100030D3081034D20810D4D20810CC1102289A
:1048200033130228AC0802283413022814D30810CA
:104830003CD308102F440810D00E022862F30F2238
:1048400062F31F42401810F0030308D0C91A1FD3A7
:10485000DB0748BF00F8012D28BF20F8022D130008
:1048600030B414461546103928BF20E93C00FAD868
:10487000490728BF20E90C0048BF40F8042D8900F3
:1048800028BF20F8022D48BF00F8012D30BC70472A
:10489000C91818BF00F8012DCB0728BF00F8012D5B
:1048A0007047000030B4614B1818C009604C14EB1D
:1048B000001404290DD223681F25C8008540AB438E
:1048C000D2B212F01F02C90012FA01F1194321609D
:1048D0000CE0091F63681F25C8008540AB43D2B2B6
:1048E00012F01F02C9008A401A43626030BC704750
:1048F000002A04D1012212FA01F1416003E00122F1
:1049000012FA01F18160704710B48900436C0F24E2
:104910008C40A34312F00F0212FA01F119434164D3
:1049200010BC704710B4836C01248C40A34312F078
:10493000010212FA01F11943816410BC704710B4EE
:10494000C36C01248C40A34312F0010212FA01F15E
:104950001943C16410BC704710B449001031C36CD6
:1049600003248C40A34312F0030212FA01F119430D
:10497000C16410BC70474269012212FA01F1416121
:104980004069704710B4836901248C40A34312F03E
:10499000010212FA01F11943816110BC704710B491
:1049A0004900036C03248C40A34312F0030212FA63
:1049B00001F11943016410BC7047F8B505000E0001
:1049C00014000027002D2ED0002C2CD0226831009E
:1049D0002800FFF78DFF227A31002800FFF762FFE1
:1049E000626931002800FFF79DFFA26931002800AD
:1049F000FFF7A5FFE26931002800FFF7ADFF62680D
:104A000031002800FFF780FFE26831002800FFF73F
:104A1000C6FF31002800FFF7AEFF226931002800F1
:104A2000FFF7B0FF00E0034F3800F2BD0000CFBF3A
:104A30000000304001005A000122002800F0EC8004
:104A4000002900F0E980754A12680B7A63F39242FC
:104A50000B7B13F0030363F311420B7813F007038E
:104A600063F31A628B7863F39E7291F8283063F3D4
:104A7000000291F8343063F341020B7F63F382024A
:104A80004B7F63F3C30291F8403063F38A2291F8BD
:104A90004030DBB25B08DBB263F3492291F870303F
:104AA00063F3082291F8713013F0030363F30D32BE
:104AB00002600A7A002A02D10022826007E00A7AA4
:104AC000012A02D14A69826001E0012282600A6AF9
:104AD00002614A6A4261CA6A82610A6BC2614A69BA
:104AE00002628A6942624E4A126891F8443003F0C9
:104AF000FF03120A12021A4391F84C3003F0FF032D
:104B000063F3174291F85C3003F0FF0363F31F6215
:104B100091F86C3003F0FF0363F30F224264414AC3
:104B2000126891F8643003F0FF0363F30F2291F8E9
:104B3000543003F0FF03120A12021A4382643A4A05
:104B4000126891F8413013F00303920892001A435F
:104B500091F8603013F0030363F38B2291F848302F
:104B600013F0030363F3051291F8503013F00303BD
:104B700063F3092291F8583013F0030363F38712AB
:104B800091F8683013F0030363F38302C264274A89
:104B9000126891F8723013F00703D208D2001A435A
:104BA00091F8733013F0070363F30612426591F82E
:104BB000352082671E4A12680B7C13F003039208AB
:104BC00092001A43CB7C13F0030363F387124B7CF0
:104BD00013F0030363F383028B7C13F0030363F38B
:104BE00005120265134A1268CB8863F31F428B8853
:104BF0009BB21B0A9BB263F30F220B78052B06D1E5
:104C0000097901F0FF01120A12020A4302E0497811
:104C100061F307020263002210007047C4D308103A
:104C2000C8D30810CCD30810D0D30810D4D30810A0
:104C3000D8D30810DCD30810016851F0004101609E
:104C400070474030016851F010010160704700006A
:104C5000022801D3012010E00B00DBB2042B01DBA2
:104C600001200AE0DFF8E83803EB8000C9B2405CBD
:104C7000824201D3012000E000207047F8B5040013
:104C80000F0015001E00022C01D301202AE02A008B
:104C90003900C9B22000FFF7DBFF012801D1012054
:104CA00020E006983900C9B202291ED1B6F5803F2E
:104CB00019D2202817D24FF4C052DFF89818630396
:104CC0000B4403EB850313441F6866F317271F602B
:104CD0006403214401EB850111440A6860F3C702B3
:104CE0000A600020F2BD0120FCE7FFB2032F1FD1B4
:104CF000B6F1807F1AD2202818D24FF4E052DFF8A4
:104D0000541863030B4403EB850313441F6807F037
:104D1000FF0757EA06271F606403214401EB850162
:104D200011440A6860F3C7020A60DAE70120D9E794
:104D30000120D7E700B20012C0B27047F8B50500F5
:104D40000E001700280000B2FFF7F4FF0400200057
:104D5000C0B2022801D3012024E03A003100C9B2D8
:104D60002000C0B2FFF774FF012801D1012019E033
:104D7000DFF8E0172000C0B2400308442A00D2B296
:104D800000EB8200D0F8000CF6B266F3092067F35E
:104D90000700E4B264032144EDB201EB8501C1F8E0
:104DA000000C0020F2BD70B504000D001600022CAE
:104DB00001D301201DE032002900C9B22000FFF715
:104DC00047FF012801D1012013E0DFF888176003B5
:104DD000085850F0004050F0407050F47F00EDB2A1
:104DE00065F3092066F307006203885064030859DD
:104DF000002070BDD0F840037047D0F80803C0050C
:104E0000C00D7047C0F840127047D0F80802C005C6
:104E1000C00D7047D0F80802C0F3C030704738B5F5
:104E200005002800FFF7F1FF04002800FFF7F2FF5C
:104E30000419002C01D1012000E00020C0B232BDD5
:104E4000C0F8C81F7047D0F8C80F7047C0F8C01F1F
:104E5000D0F8C00F7047C0F8881F7047D0F8880F8F
:104E60007047C0F8801FD0F8800F7047016851F07C
:104E700000410160704770B506000124DFF8D85684
:104E80003000C0B255F82000FFF7DDFF40071FD506
:104E90003000C0B255F82000FFF7AFFF002810D057
:104EA0003000C0B255F82000FFF7A4FFDFF8AC16C1
:104EB0003200D2B288540120DFF8A4163200D2B2F8
:104EC00088540421F6B255F82600FFF7BFFF0FE023
:104ED0003000C0B255F82000FFF7C0FF800507D5AD
:104EE0004FF40071F6B255F82600FFF7BAFF002420
:104EF0002000C0B270BD38B504001500C9B2002949
:104F00000ED0102919D0202924D030292FD03129B2
:104F10003AD0402945D0502950D060295BD067E075
:104F2000DFF84006A06001202073112060734FF469
:104F30008C70E0811220208260E0DFF82C06A060F7
:104F4000012020731120607340F21D10E0816B205E
:104F5000208253E0DFF81406A060012020731120A6
:104F600060734FF48E70E0816A20208246E0DFF8A3
:104F70000006A060022020731120607340F21B1015
:104F8000E0816920208239E0DFF8E805A060012097
:104F900020731120607340F21B10E0816920208291
:104FA0002CE0DFF8D405A06001202073132060738B
:104FB0004FF48D70E081682020821FE0DFF8BC058F
:104FC000A060012020731120607340F21F10E08167
:104FD0006D20208212E0DFF8A805A0600120207378
:104FE000112060734FF48F70E0816C20208205E007
:104FF000BA22DFF890150020FFF78DFBEDB2002DEF
:105000000ED0102D19D0202D24D0302D2FD0312DA1
:105010003AD0402D45D0502D50D0602D5BD067E068
:10502000DFF84005206000202071112060714FF4EE
:105030008C70E0811220208260E0DFF82C05206077
:10504000002020711120607140F21D10E0816B2062
:10505000208253E0DFF81405206000202071112029
:1050600060714FF48E70E0816A20208246E0DFF8A4
:1050700000052060012020711120607140F21B109A
:10508000E0816920208239E0DFF8E8042060002018
:1050900020711120607140F21B10E0816920208294
:1050A0002CE0DFF8D4042060002020711320607110
:1050B0004FF48D70E081682020821FE0DFF8BC048F
:1050C0002060002020711120607140F21F10E081EB
:1050D0006D20208212E0DFF8A804206000202071FB
:1050E000112060714FF48F70E0816C20208205E008
:1050F000FE22DFF890140020FFF70DFB31BD38B51C
:105100000400DFF85454C9B22000C0B255F82000A2
:10511000FFF778FE2000C0B255F82000FFF77FFEB1
:105120000028F7D031BD38B504000D0005E029781E
:105130002000C0B2FFF7E3FF6D1C28780028F6D1ED
:1051400031BD10B40022DFF818340200D2B29A5CEC
:10515000002A0AD0DFF804240400E4B2125D0A70C9
:105160000021C0B21954012000E00020C0B210BCE0
:10517000704770B505000C00DFF8DC632800C0B292
:1051800056F82000FFF76AFE4008400001002800A2
:10519000C0B256F82000FFF75EFE2800C0B256F8F5
:1051A0002000FFF75BFE30F0020001002800C0B2D3
:1051B00056F82000FFF74FFE2800C0B256F8200036
:1051C000FFF74CFE30F0200001002800C0B256F876
:1051D0002000FFF740FE2800C0B256F82000FFF77D
:1051E0003DFE30F0400001002800C0B256F820001B
:1051F000FFF731FE2800C0B256F82000FFF72EFE60
:1052000030F0100001002800C0B256F82000FFF76F
:1052100022FE2800C0B256F82000FFF71FFE30F42F
:10522000807001002800C0B256F82000FFF713FE7E
:105230002800C0B256F82000FFF710FE30F480605E
:1052400001002800C0B256F82000FFF704FE002C31
:105250000ED02800C0B256F82000FFF7F4FD50F43D
:1052600000700100EDB256F82500FFF7F4FD0DE0E7
:105270002800C0B256F82000FFF7E5FD30F40070BA
:105280000100EDB256F82500FFF7E5FD70BD70B5E1
:1052900005000C00DFF8C0622800C0B256F82000FC
:1052A000FFF7D1FD4008400001002800C0B256F8C9
:1052B0002000FFF7C5FD2800C0B256F82000FFF718
:1052C000C2FD30F0080001002800C0B256F82000EE
:1052D000FFF7B6FD2800C0B256F82000FFF7B3FD77
:1052E00030F0200001002800C0B256F82000FFF77F
:1052F000A7FD2800C0B256F82000FFF7A4FD30F447
:10530000807001002800C0B256F82000FFF798FD19
:105310002800C0B256F82000FFF795FD30F4007069
:1053200001002800C0B256F82000FFF789FD2800D0
:10533000C0B256F82000FFF786FD30F4006001008F
:105340002800C0B256F82000FFF77AFD002C0ED0DE
:105350002800C0B256F82000FFF775FD50F0040099
:105360000100EDB256F82500FFF76AFD0DE02800B8
:10537000C0B256F82000FFF766FD30F004000100CF
:10538000EDB256F82500FFF75BFD70BD2DE9F04149
:105390002DED028BA8B005000E0017002800390083
:1053A000C9B20909C0B2884201D1012000E0002041
:1053B0001C00DFF8D0814FF4FB724146C0B2FFF70A
:1053C000AAF928002100C9B20909C0B2884201D156
:1053D000012000E0002040F2F7124146C0B2FFF782
:1053E0009AF902A8142100F08BFB342100220DF160
:1053F00068084046FFF722FA4C2100220DF11C08F4
:105400004046FFF71BFA082080B206FB00F65E4814
:10541000B0FBF6F85C4806FB180000EE100AB8EE88
:10542000400B01EE106AB8EE411B80EE010BBFEE9F
:10543000ED0B10EE100B08EE100A2200D2B239006C
:10544000C9B202A8FFF757FD08201B909DF80D0078
:105450008DF870001AAA9DF80C100298FFF7ADFAAB
:1054600006201B909DF815008DF870001AAA9DF873
:1054700014100498FFF7A1FA002007900820089064
:105480000820099002200B9000200C900020129020
:1054900000201490304C2800C0B254F8200000F0D6
:1054A00075FC3A492A00D2B2382042430A4407A97F
:1054B0002800C0B254F8200000F026FB2800C0B23B
:1054C00054F82000FFF7D2FC2A00D2B20321BDF924
:1054D0001600FFF733FCBDF91600FFF72BFC8DED2E
:1054E000008AB8F1010843462A00D2B20321C0B2B3
:1054F000FFF7C4FBBDF91600FFF71CFC2A00D2B26F
:105500000321C0B2FFF74FFCBDF91800ADF8000051
:105510000320ADF8020001208DF8040007221C488A
:105520002900C9B250F82110684600F0CDFA0021D8
:105530002800C0B2FFF7ABFE00212800C0B2FFF781
:1055400018FE28B0BDEC028BBDE8F0810000000021
:1055500048D3081000000440840802286C12022876
:105560007412022800003140000231400005314031
:105570008008314080063140000731400001314051
:105580008001314078D0081000B4C404B00A022869
:10559000680802280CB430B583B00A4606A9029107
:1055A000044600250194009502AB01A908487844FF
:1055B0001E30FCF768FD019A157000284EBF0446A6
:1055C0000198041B204603B030BC5DF80CFB00BF03
:1055D000F3D9FFFF82688918816003E0826841691E
:1055E000521A8260816842699142F7D27047C2685C
:1055F0008918C16003E0C2684169521AC260C1687B
:1056000042699142F7D2704770B50400002C01D076
:10561000012000E000205422DFF8FC13C0B2FFF7A5
:105620007AF80025207850F0010020700020A0605A
:105630000020E060606920616078002803D00228C3
:1056400010D007D315E06169002266683000FFF7CB
:10565000F5F80EE061694900002266683000FFF746
:10566000EDF806E061698900002266683000FFF706
:10567000E5F8002020702800C0B270BD10B504000D
:10568000002C01D0012000E000207022DFF88813F8
:10569000C0B2FFF740F860692169401A10BD2DE9DA
:1056A000F84305001600002D01D0012000E0002085
:1056B0000C00AA22DFF86013C0B2FFF72CF8002715
:1056C0000020002C01D10327B5E0287810F0050F49
:1056D00001D00427AFE0287850F004002870286932
:1056E000B042C0F0A380D5F81480A868B8EB0008D9
:1056F000B04567D26878002803D0022841D01FD374
:1057000090E0424621006868AB6800EB0309484618
:10571000FDF7C4FC41462800FFF75CFFB6EB08022A
:1057200004EB08016868AB6800EB03042000FDF798
:10573000B5FCB6EB080841462800FFF74BFF71E0C7
:105740005FEA480221006868AB6800EB43094846FD
:10575000FDF7A4FC41462800FFF73CFFB6EB08022A
:10576000520004EB48016868AB6800EB430420007A
:10577000FDF794FCB6EB080841462800FFF72AFF26
:1057800050E05FEA880221006868AB6800EB83099B
:105790004846FDF783FC41462800FFF71BFFB6EBA8
:1057A0000802920004EB88016868AB6800EB830490
:1057B0002000FDF773FCB6EB080841462800FFF710
:1057C00009FF2FE06878002803D002281DD00ED3EF
:1057D00028E0320021006868AB6800EB0304200079
:1057E000FDF75CFC31002800FFF7F4FE1AE07200C0
:1057F00021006868AB6800EB43042000FDF74EFC15
:1058000031002800FFF7E6FE0CE0B20021006868D6
:10581000AB6800EB83042000FDF740FC310028005A
:10582000FFF7D8FE2869861B2E6100E0052728783F
:1058300010F0FB0028703800C0B2BDE8F2832DE9FB
:10584000F04705000E001F00002D01D0012000E0F0
:1058500000201400DFF8C08140F25B124146C0B264
:10586000FEF759FF002C01D0012000E000204FF48A
:10587000AE724146C0B2FEF74EFF5FF00008002056
:105880000020002E02D15FF003088BE0297811F090
:10589000030F03D020605FF006089CE02800FFF7AC
:1058A000EDFE2168884209D220605FF007080028D9
:1058B00004D1287810F0F70028708CE0287850F098
:1058C00008002870D5F81490E868B9EB0009206842
:1058D000814522D36878002803D0022813D008D34A
:1058E0005CE022686868E96801443000FDF7D6FB97
:1058F00054E0226852006868E96800EB410130001A
:10590000FDF7CCFB4AE0226892006868E96800EB8A
:1059100081013000FDF7C2FB40E06878002803D029
:10592000022827D011D339E04A466868E968014463
:10593000B2465046FDF7B2FB2268B2EB0902696835
:105940004E443000FDF7AAFB28E05FEA4902686890
:10595000E96800EB4101B2465046FDF79FFB226823
:10596000B2EB09025200696806EB49063000FDF708
:1059700095FB13E05FEA89026868E96800EB810142
:10598000B2465046FDF78AFB2268B2EB090292004C
:10599000696806EB89063000FDF780FB287810F077
:1059A000F7002870FFB2002F15D128780B2802D1FC
:1059B0005FF002080FE0287850F00200287021689C
:1059C0002800FFF714FE296920684118296128780A
:1059D00010F0FD0028704046C0B2BDE8F087F8B571
:1059E00004000E0017001D00002C01D0012000E073
:1059F00000204FF407720849C0B2FEF78CFE002069
:105A000067600021217066700021A1600021E160C3
:105A100025616561C0B2F2BDD0CF0810010009B2A6
:105A2000002908D4012210F01F018A401B4900B24E
:105A3000400941F820207047010009B2002908D42C
:105A4000012210F01F018A40154900B2400941F8B7
:105A500020207047020012B2002A04D44901114AE2
:105A600000B2115407E049010F4A00B210F00F00D4
:105A7000104400F8041C7047002800D162B60B489F
:105A80000168491C0160704772B60849086800281F
:105A900002D00868401E08600868704700E100E016
:105AA00080E200E000E400E018ED00E008130228C6
:105AB00080B5FFF7E9FFFEF76BFB01BD80B5C9B20A
:105AC00000B2FFF7C7FF01BD70B504000D0016005E
:105AD000200000F0A3F92900B4F9000000F0DDF97E
:105AE0003100C9B2B4F90200FFF7E8FFB4F90200CF
:105AF000FFF7A2FFB4F90200FFF790FF70BD0000AE
:105B0000002200F0E1B900002DE9F44FDFF8D822BF
:105B1000DFF8D8321B68DFF8D8422468DFF8D452A7
:105B20002D68DFF8D4623668DFF8D0723F68DFF89E
:105B3000D0C2DCF800C0DFF8CCE2DEF800E0DFF82D
:105B4000C882D8F80080DFF8C492D9F80090DFF856
:105B5000C0A2DAF800A0002800F01581002900F0AA
:105B600012810A68022A06D191F82620002A02D161
:105B70005FF0000B03E0D1F804B0BBF1010B91F82A
:105B80002420002A01D0012200E0002262F3104309
:105B900033F440436BF30303022262F3196303609F
:105BA0000A7812F0030262F31964046491F8252064
:105BB000002A01D0012200E0002262F38615CA7E8D
:105BC000002A01D0012200E0002262F38A254A7EE9
:105BD000002A01D0012200E0002262F308258A7E1B
:105BE000002A01D0012200E0002262F349258A6BDD
:105BF000521E12F00F0262F313450A69521E12F090
:105C00000702ED08ED0015434A6962F304154A697D
:105C1000520862F3451585640A7B002A01D00122EF
:105C200000E0002262F308260A7E002A01D0012249
:105C300000E0002262F349268A68521E12F01F0219
:105C4000760976011643C0F800630A7F02F0FF026E
:105C50003F0A3F02174391F8202002F0FF0262F34F
:105C60001747C0F8107391F82720002A01D00122AD
:105C700000E0002262F3082C0A69521E12F00702AB
:105C80005FEADC0C5FEACC0C52EA0C0C4A6962F366
:105C9000041C4A69520862F3451CC0F844C00A7BE0
:105CA000002A01D0012200E0002262F3082E8A6857
:105CB000521E12F01F025FEA5E1E5FEA4E1E52EA9B
:105CC0000E0E0A68012A01D1012200E0002262F3CF
:105CD000104EC0F800E291F83C2002F0FF025FEAAB
:105CE00018285FEA082852EA0808C0F8048391F8E7
:105CF0002820002A01D0012200E0002262F3596925
:105D0000CA6A012A01D1012200E0002262F3186967
:105D10004A6B012A01D1012300E00023009A63F3BA
:105D2000104991F8303003F0FF035FEA19295FEA68
:105D3000092953EA0909C0F8509091F8443003F05A
:105D4000FF035FEA1A2A5FEA0A2A53EA0A0AC0F83E
:105D500004A28B6CC0F8883F096CC0F8C81F002AE9
:105D600010D00020506000201060002090600020C3
:105D7000D060002010620020D06200201063DFF8A5
:105D80009400506300221000BDE8F28FDFF8881005
:105D900001605FF4401101640021816440F2071149
:105DA000C0F800130022C0F804230022C0F810231A
:105DB00000224264C0F800120021C0F80412002141
:105DC00001650021C0F8C81E0021C0F8881E00210E
:105DD000C0F8C81F0021C0F8881F0021C0F8081FA4
:105DE0000021C0F8481F70470160AA0080D3081046
:105DF00084D3081088D308108CD3081090D30810CF
:105E000094D3081098D308109CD30810A0D308107E
:105E1000A4D30810EFCDAB000F00000330B4002175
:105E2000234A1368234A1468002832D0224A15688E
:105E3000C5F303250E2D0FD01268C2F303220D2ADD
:105E400028D1827812F00F02240924011443027928
:105E5000002A15D0012214E0827812F00F021B09EB
:105E60001B0113430279002A01D0012200E0002225
:105E700062F3DF73114AB0F9000042F8203009E004
:105E8000002262F3DF740E4AB0F9000042F82040AD
:105E900000E00649080030BC70470A4B1A68002A27
:105EA00003D01A6800B242F8201070470100560073
:105EB000A8D30810ACD308100000204000A0204058
:105EC00000C02040F006022800B500BF130096462F
:105ED0009446103928BFA0E80C50FAD85FEA417CFC
:105EE00028BF0CC048BF40F8042BC90728BF20F8C2
:105EF000022B48BF00F8012B00BD0000D0F80803BA
:105F0000C005C00D704710F541710A6852F4803227
:105F10000A6010F541710A6832F480320A60D0F8E4
:105F200004037047C0F840127047D0F80802C0055B
:105F3000C00D7047D0F80802C0F3C030704738B5C4
:105F400005002800FFF7F1FF04002800FFF7F2FF2B
:105F50000419002C01D1012000E00020C0B232BDA4
:105F60000068C0F38130002801D1802000E040208B
:105F70007047016851F000410160704720300268AD
:105F800061F39B620260704780B5FFF7B7FF02BD07
:105F900080B5FFF7B8FF01BD022801D3012010E052
:105FA0000B00DBB2042B01DB01200AE0DFF86837CD
:105FB00003EB8000C9B2405C824201D3012000E0C3
:105FC00000207047F8B504000F0015001E00022CD9
:105FD00001D301202AE02A003900C9B22000FFF7CE
:105FE000DBFF012801D1012020E006983900C9B269
:105FF00002291ED1B6F5803F19D2202817D24FF4BE
:10600000C052DFF8181763030B4403EB85031344F6
:106010001F6866F317271F606403214401EB8501A5
:1060200011440A6860F3C7020A600020F2BD012033
:10603000FCE7FFB2032F1FD1B6F1807F1AD22028D0
:1060400018D24FF4E052DFF8D41663030B4403EB8D
:10605000850313441F6807F0FF0757EA06271F60F0
:106060006403214401EB850111440A6860F3C7020F
:106070000A60DAE70120D9E70120D7E700B2001271
:10608000C0B27047F8B505000E001700280000B236
:10609000FFF7F4FF04002000C0B2022801D3012062
:1060A00024E03A003100C9B22000C0B2FFF774FF0B
:1060B000012801D1012019E0DFF860162000C0B2EC
:1060C000400308442A00D2B200EB8200D0F8000C52
:1060D000F6B266F3092067F30700E4B264032144D3
:1060E000EDB201EB8501C1F8000C0020F2BD70B5E6
:1060F00004000D001600022C01D301201DE0320027
:106100002900C9B22000FFF747FF012801D1012073
:1061100013E0DFF808166003085850F0004050F014
:10612000407050F47F00EDB265F3092066F307007C
:106130006203885064030859002070BD0100C0202C
:10614000C9B2002905D0022907D004D3032906D0FB
:1061500006E0122004E0622002E07A2000E01A202B
:10616000C0B270470100C020C9B2002905D0022981
:1061700007D004D3032906D006E0112004E06120F3
:1061800002E0792000E01920C0B270470100C02071
:10619000C9B2002905D0022907D004D3032906D0AB
:1061A00006E0102004E0602002E0782000E01820E3
:1061B000C0B270470100C020C9B200290BD002292B
:1061C0000DD00AD304290ED00BD306290FD00CD33F
:1061D00007290ED00EE013200CE014200AE0632003
:1061E00008E0642006E07B2004E0292002E01B2078
:1061F00000E01C20C0B2704701000020C9B2002995
:1062000005D0022907D004D3032906D006E01320C5
:1062100004E0132002E0132000E01320C0B2704716
:1062200001000020C9B2002905D0022907D004D3FB
:10623000032906D006E0132004E0132002E0132017
:1062400000E01320C0B2704701000020C9B200294D
:1062500005D0022907D004D3032906D006E0132075
:1062600004E0132002E0132000E01320C0B27047C6
:1062700001000020C9B200290BD002290DD00AD399
:1062800004290ED00BD306290FD00CD307290ED02A
:106290000EE013200CE013200AE0132008E0132086
:1062A00006E0132004E0132002E0132000E0132096
:1062B000C0B27047C9B2082902D0102946D096E072
:1062C000DFF85C150200D2B251F82220126832F4D5
:1062D00040420300DBB251F823301A600200D2B210
:1062E00051F82220D2F80022520952010300DBB2F9
:1062F00051F82330C3F800220200D2B251F8222014
:10630000D2F8002252F007020300DBB251F823302A
:10631000C3F800220200D2B251F82220D2F80023A2
:10632000520952010300DBB251F82330C3F80023B5
:106330000200D2B251F82220D2F8002352F0070214
:10634000C0B251F82000C0F8002350E0DFF8D014AC
:106350000200D2B251F82220126832F44042030007
:10636000DBB251F823301A600200D2B251F8222079
:10637000126852F480420300DBB251F823301A60F5
:106380000200D2B251F82220D2F800225209520162
:106390000300DBB251F82330C3F800220200D2B26E
:1063A00051F82220D2F8002252F00F020300DBB293
:1063B00051F82330C3F800220200D2B251F8222053
:1063C000D2F80023520952010300DBB251F8233006
:1063D000C3F800230200D2B251F82220D2F80023E1
:1063E00052F00F02C0B251F82000C0F800237047ED
:1063F000F8B504000E0008212000C0B2FFF75AFFD4
:10640000DFF820542000C0B2285C08280FD02000FC
:10641000C0B2285CC010DFF8101411EBC0110120CD
:106420002200D2B2AA5C12F0070290400860DFF8A6
:10643000F073F6B231002000C0B257F82000FFF729
:1064400071FD2000C0B257F82000FFF789FD06005B
:106450002000C0B257F82000FFF767FD8642F0D059
:106460002000C0B257F82000FFF769FD0028F7D0E0
:106470002000C0B2285C08280ED02000C0B2285CE2
:10648000C010DFF8A81311EBC0110120E4B22A5D9F
:1064900012F0070290400860F1BD2DE9F8430700B3
:1064A0000D00140010213800C0B2FFF703FFDFF821
:1064B00074633800C0B2305C08280FD03800C0B216
:1064C000305CC010DFF8601311EBC01101203A00FE
:1064D000D2B2B25C12F0070290400860DFF840834D
:1064E00029883800C0B258F82000FFF71BFDAD1C0A
:1064F0003800C0B258F82000FFF732FD814638005E
:10650000C0B258F82000FFF710FD8145F0D0641E9E
:10651000002CE3D13800C0B258F82000FFF70FFD7F
:106520000028F7D03800C0B2305C08280ED0380000
:10653000C0B2305CC010DFF8F41211EBC0110120C2
:10654000FFB2F25D12F0070290400860BDE8F183EF
:106550002DE9F04104000F00160008212000C0B210
:10656000FFF7A8FEDFF8BC522000C0B2285C082864
:106570000FD02000C0B2285CC010DFF8AC1211EBC5
:10658000C01101202200D2B2AA5C12F00702904092
:106590000860DFF88C82FFB239002000C0B258F8E2
:1065A0002000FFF7BFFC2000C0B258F82000FFF722
:1065B000D7FC07002000C0B258F82000FFF7B5FC58
:1065C0008742F0D0F6B231002000C0B258F8200067
:1065D000FFF7A8FC2000C0B258F82000FFF7C0FC6D
:1065E00006002000C0B258F82000FFF79EFC86424B
:1065F000F0D02000C0B258F82000FFF7A0FC00281F
:10660000F7D02000C0B2285C08280ED02000C0B20D
:10661000285CC010DFF8141211EBC0110120E4B2A5
:106620002A5D12F0070290400860BDE8F0812DE974
:10663000F8430600894615001C0008213000C0B24E
:10664000FFF738FEDFF8DC713000C0B2385C082894
:106650000FD03000C0B2385CC010DFF8CC1111EBA5
:10666000C01101203200D2B2BA5C12F00702904091
:106670000860DFF8AC815FFA89F949463000C0B2A2
:1066800058F82000FFF74EFC3000C0B258F8200048
:10669000FFF766FC81463000C0B258F82000FFF7D3
:1066A00044FC8145F0D029783000C0B258F8200071
:1066B000FFF738FC6D1C3000C0B258F82000FFF71F
:1066C0004FFC81463000C0B258F82000FFF72DFC87
:1066D0008145F0D0641E002CE5D13000C0B258F8DE
:1066E0002000FFF72CFC0028F7D03000C0B2385C47
:1066F00008280ED03000C0B2385CC010DFF82C1172
:1067000011EBC0110120F6B2BA5D12F00702904001
:106710000860BDE8F183000048D308100000044081
:106720002DE9F84380460D0016001C000821404664
:10673000C0B2FFF7BFFD3B4F4046C0B2385C0828EF
:106740000ED04046C0B2385CC010374911EBC011C2
:1067500001204246D2B2BA5C12F0070290400860B3
:10676000DFF8BC904046C0B259F82000FFF70CFC9F
:10677000002805D04046C0B259F82000FFF708FCB9
:10678000EDB229004046C0B259F82000FFF7CAFB1D
:106790004046C0B259F82000FFF7F6FB0028F7D0BA
:1067A0004046C0B259F82000FFF7F2FB00214046F6
:1067B000C0B259F82000FFF7B5FB4046C0B259F807
:1067C0002000FFF7BCFB0028F7D04046C0B259F8C4
:1067D0002000FFF7D9FB0028F7D04046C0B259F897
:1067E0002000D0F840033070761C641E002CDDD1F0
:1067F0004046C0B2385C08280FD04046C0B2385C72
:10680000C0100A4911EBC01101205FFA88F817F88F
:10681000082012F0070290400860BDE8F1830000F4
:10682000580802281413022804003140080031409F
:106830002DE9F84F2DED028B9EB006000F00994612
:10684000042080B202FB00F2A848B0FBF2F8A7488F
:1068500002FB180000EE100AB8EE400B01EE102A01
:10686000B8EE411B80EE010BBFEEED0B10EE100BEE
:1068700008EE100A3421002201AC2000FDF7DEFFF3
:106880003C2100220EAC2000FDF7D8FF3000494625
:10689000C0B2C9B2884201D1012000E000202A9D87
:1068A000DFF84CA24FF470725146C0B2FDF733FFCF
:1068B00048462900C0B2C9B2884201D1012000E097
:1068C00000202B9C40F2C1325146C0B2FDF723FF9D
:1068D000062002902800C0B2FFF7A2FC8DF80C0041
:1068E0002800C0B2FFF73EFC82465FF0080B28008C
:1068F000C0B2FFF737FC7F4D01AA9AFBFBF10BFBFF
:1069000011AA5146C0B2C010C0012844FEF755F884
:10691000062002904846C0B2FFF76EFC8DF80C00CE
:106920004846C0B2FFF70AFC82465FF0080B4846B3
:10693000C0B2FFF703FC01AA9AFBFBF10BFB11AA03
:106940005146C0B2C010C0012844FEF736F82000FE
:10695000C0B204281ED0082002902000C0B2FFF769
:1069600073FC8DF80C002000C0B2FFF70FFC8146CD
:106970005FF0080A2000C0B2FFF708FC01AA99FBEB
:10698000FAF10AFB11994946C0B2C010C00128446F
:10699000FEF713F82C9C2000C0B208281ED0062059
:1069A00002902000C0B2FFF763FC8DF80C002000BD
:1069B000C0B2FFF7FFFB81465FF0080A2000C0B2BB
:1069C000FFF7F8FB01AA99FBFAF10AFB1199494676
:1069D000C0B2C010C0012844FDF7EFFF3000C0B2C4
:1069E000032803D23000C0B2401C00E00020320077
:1069F000D2B2D21D032110F58F7000B2FFF742FB17
:106A00003000C0B2032803D23000C0B2401C00E006
:106A1000002010F58F7000B2FFF730FB8DED008A7B
:106A2000B8F1010843463200D2B2D21D0321C0B2F0
:106A3000FFF7C8FA3000C0B2032803D23000C0B25A
:106A4000401C00E0002010F58F7000B2FFF716FB2D
:106A50003200D2B2D21D0321C0B2FFF748FBFFB211
:106A6000002F05D0022F09D005D3032F09D00AE04B
:106A70000020109007E00120109004E00220109008
:106A800001E00320109001200E9000200F900420C0
:106A90001190082012900820139001208DF85000CA
:106AA00001208DF85300104D00220EA93000C0B215
:106AB00055F8200000F020F800213000C0B255F851
:106AC0002000FFF75BFA3000C0B255F82000FFF756
:106AD00050FA0448F6B284551EB0BDEC028BBDE8F6
:106AE000F18F0000141302285808022800B4C404CF
:106AF00040D00810000031402DE9F041DFF8D031DE
:106B00001C00DFF8D051D5F800C0DFF8CC512D685B
:106B1000DFF8C8613668DFF8C8713F685FF0000EC3
:106B20005FF0000E002800F0D080002900F0CD803A
:106B30004C68002C01D18C6805E04C68022C01D116
:106B4000002400E00224D1F810E0D1F81480C645FA
:106B500002D3D1F810E001E0D1F814E0BEF1090F42
:106B600008D23CF4404C91F82130002B12D05CF458
:106B7000807C11E0BEF1110F03D2012363F38F3C3F
:106B8000F1E7BEF1210F03D2022363F38F3CEAE762
:106B900018009BE03CF4807CCB685B1E13F00F0375
:106BA0005FEA1C1C5FEA0C1C53EA0C0C012363F324
:106BB000196CC0F800C00B7F002B01D0002300E04F
:106BC000012363F300054B681B0963F34105CB7E8A
:106BD00063F304154B7E63F345150B68012B01D15C
:106BE000012300E0002363F3DF7523005B0863F3F8
:106BF000820564F3C3054B7F63F308258B7F63F342
:106C00004925CB7F63F38A2591F8203063F3CB25A8
:106C10000B7913F0030363F3196505620B7E63F3CD
:106C200008278B7E63F349270B695B1E13F01F0354
:106C30007F097F011F43C0F8007391F8243003F0EF
:106C4000FF0310F5417425682D0A2D022B432360A4
:106C50000B7E63F308264B695B1E13F01F03760956
:106C600076011E43C0F8006291F82C3003F0FF0358
:106C700010F5017425682D0A2D022B4323600B6B40
:106C8000C0F8883F8B6AC0F8C83F91F8383010F5DB
:106C90007064256863F34925256091F8391010F573
:106CA00074631C6861F3CB241C600021C0F8C81E0B
:106CB000002A09D000201060002090610020D060E0
:106CC0000020D0610748106200242000BDE8F08158
:106CD0000140AA0070D3081074D3081078D30810AC
:106CE0007CD30810EFCDAB0080B501000820DFF8A1
:106CF00084261060C9B20120FFF77AFB0820DFF874
:106D00008416086001BD2DE9F047060015001F003C
:106D1000DFF864863000B8F8002080B2904201D2DB
:106D2000012000E000200C00DFF85096AF22494619
:106D3000C0B2FDF7F0FCDFF848A62000BAF800105A
:106D400080B2884201D2012000E00020B0224946F2
:106D5000C0B2FDF7E0FC2800B8F8001080B288420D
:106D600001D2012000E00020B1224946C0B2FDF767
:106D7000D2FC3800BAF8001080B2884201D201205B
:106D800000E00020B2224946C0B2FDF7C4FCDFF8A3
:106D9000F80500780028012803D9801E01282FD982
:106DA0005CE02A20FFF7A0FF00210120FFF720FB75
:106DB000B61C3100C9B20120FFF71AFB00210120E7
:106DC000FFF716FBAD1C2900C9B20120FFF710FB2D
:106DD0002B20FFF789FF00210120FFF709FB641C2E
:106DE0002100C9B20120FFF703FB00210120FFF7BA
:106DF000FFFA7F1C3900C9B20120FFF7F9FA2DE034
:106E00002A20FFF771FF00210120FFF7F1FA761C1D
:106E10003100C9B20120FFF7EBFA00210120FFF792
:106E2000E7FA6D1C2900C9B20120FFF7E1FA2B2017
:106E3000FFF75AFF00210120FFF7DAFAA41C210016
:106E4000C9B20120FFF7D4FA00210120FFF7D0FAE0
:106E5000BF1C3900C9B20120FFF7CAFA2C20FFF786
:106E600043FFBDE8F08700B585B06846FDF781FCBB
:106E70000120ADF80000DFF800050088ADF8020041
:106E8000DFF8FC040088ADF80400DFF800050078A6
:106E9000002803D002280FD007D30DE006208DF87C
:106EA000060008208DF8070006E008208DF806008F
:106EB00010208DF80700FFE70FF2CD2003900FF2AE
:106EC000110004906846FDF764FC05B000BD0000A9
:106ED000F8B5DFF8A4442088400000F027FC050046
:106EE000002000200820DFF8A8140860DFF8906474
:106EF0003088431E9BB22088421E92B2002100209F
:106F0000FFF701FF002007E0DFF88814098802007E
:106F100092B225F81210401C0100228889B29142D9
:106F2000F2D3002705E0228829000120FFF7B5FAF7
:106F30007F1C3800318880B28842F4D30820DFF803
:106F400058140860280000F0FAFBF1BDDFF838148F
:106F5000087008780028012803D9801E012809D963
:106F600010E08020DFF810140880A020DFF8101453
:106F7000088007E0A020DFF8001408808020DFF8F8
:106F8000001408807047DFF814241080DFF8040430
:106F900001807047F8B5D8B005000E001400280035
:106FA000DFF8D413098880B2884201D2012000E0C2
:106FB0000020DFF8C87340F2CB123900C0B2FDF7F1
:106FC000AAFB3000DFF8B813098880B2884201D2EA
:106FD000012000E000204FF4E6723900C0B2FDF756
:106FE0009AFB002000200820DFF8A4130860DFF8D7
:106FF0009C030078002804D0022800F0BF8046D30C
:10700000BCE0F31D9BB26A1D92B2310089B2280028
:1070100080B2FFF778FE002000E0401C0100C9B2FA
:1070200006292EDA0621DFF878232300DBB24B4352
:107030001A440300DBB21A4412F8C02C00230BE000
:1070400040AD1E00F6B24E4356FA80F6DFF84473A8
:107050003F8825F8167010E01D00EDB2082DDCDA2F
:10706000D507EDD540AD1E00F6B24E4356FA80F678
:10707000DFF828733F8825F81670D2B252085B1CDF
:10708000EAE7302240A90120FFF707FA76E016F17F
:107090000F039BB2EA1D92B2310089B2280080B280
:1070A000FFF731FE002000E0401C0100C9B20829B2
:1070B0005EDADFF8F0222100C9B2090111440300B1
:1070C000DBB21944B1F5007109782300DBB21B0172
:1070D0001A440300DBB21A44B2F5FC7212780023A2
:1070E0001BE06D461E00F6B2F60056FA80F6DFF899
:1070F000A4723F8825F816700CE0CD07F1D56D46D7
:107100001E00F6B2F60056FA80F6DFF890723F885D
:1071100025F81670C9B249085B1C1D00EDB2082D98
:10712000EBDB00210DE06B460D00EDB2ED0055FAF2
:1071300080F503EB4503DFF85C522D88A3F88050FF
:1071400012E00B00DBB2082BAEDAD307EBD56B46AF
:107150000D00EDB2ED0055FA80F503EB4503DFF8C5
:107160003C522D88A3F88050D2B25208491CE8E75F
:10717000802269460120FFF790F9FFE70820DFF839
:107180001812086059B0F0BDF8B504000E001500E3
:107190002000DFF8E411098880B2884201D2012082
:1071A00000E00020DFF8D47140F222223900C0B2A2
:1071B000FDF7B1FA3000DFF8C811098880B28842C3
:1071C00001D2012000E0002040F223223900C0B2A9
:1071D000FDF7A1FA00270EE00CE0380080B22A5C2F
:1071E000310089B2380080B2C00010FA84F080B259
:1071F000FFF7D0FE7F1C380080B2285C002817D033
:10720000DFF8A4010078002803D00228E4D0E4D3FA
:10721000F0E7380080B22A5C310089B23B009BB2B3
:107220000620434313FA84F080B2FFF7B3FEE1E790
:10723000F1BD2DE9F0412DED028B86B00500B0EED9
:10724000408B16001F0028004B4A128880B29042E3
:1072500001D2012000E000200C00DFF8208140F284
:1072600091224146C0B2FDF756FA2000DFF898148B
:10727000098880B2884201D2012000E0002040F25B
:1072800092224146C0B2FDF746FA3000C0B2002853
:1072900001D0012000E0002040F293224146C0B21C
:1072A000FDF739FA3000C0B2092801DA012000E008
:1072B00000204FF425724146C0B2FDF72CFA380089
:1072C000C0B2002801D0012000E0002040F2952249
:1072D0004146C0B2FDF71FFA3800C0B2072801DAF4
:1072E000012000E0002040F296224146C0B2FDF7A6
:1072F00012FAB7EE000B11210022E8464046FDF7D6
:107300009DFA3800C0B250FA86F1891C2022E84666
:107310004046FDF793FA04E0B2EE042B20EE020B98
:10732000761E3000C0B20028F6D1BDEEC81B11EEAB
:10733000100ABDEEC01B11EE101A90FBF1F001EE29
:10734000100AB8EEC11B01EE408B3900C9B2B0EE95
:10735000480B684600F0F6F96A46210089B2280019
:1073600080B2FFF711FF06B0BDEC028BBDE8F081E3
:1073700000000000040B3140A208022858CF08107A
:10738000A4080228080B31403D130228AD0802284A
:1073900004063140A808022808063140A608022841
:1073A000C4C60810D4C00810AD0802281FB50820B4
:1073B000029004200190012000900123D74A00216F
:1073C0000120FFF735FA032300220121B32000F04A
:1073D000FCFA032300220121B42000F0F6FA032373
:1073E00001220121632000F0F0FA03230122012190
:1073F000582000F0EAFACA4C2078FFF7A7FDC548EC
:107400000188C5480088FFF7BEFD1020C549086007
:107410000A2000F0FEFB1020C3490860782000F02D
:10742000F8FB0820BA4908601120FFF75DFC7820BE
:1074300000F0EFFBB120FFF757FC01210120FEF720
:10744000D7FF2C210120FEF7D3FF2D210120FEF7CD
:10745000CFFFB220FFF748FC01210120FEF7C8FF53
:107460002C210120FEF7C4FF2D210120FEF7C0FFD3
:10747000B320FFF739FC01210120FEF7B9FF2C21D1
:107480000120FEF7B5FF2D210120FEF7B1FF0121FC
:107490000120FEF7ADFF2C210120FEF7A9FF2D21D1
:1074A0000120FEF7A5FFB420FFF71EFC07210120F5
:1074B000FEF79EFFC020FFF717FCA2210120FEF778
:1074C00097FF02210120FEF793FF84210120FEF7A0
:1074D0008FFFC120FFF708FCC5210120FEF788FFC0
:1074E000C220FFF701FC0A210120FEF781FF0021E5
:1074F0000120FEF77DFFC320FFF7F6FB8A21012064
:10750000FEF776FF2A210120FEF772FFC420FFF765
:10751000EBFB8A210120FEF76BFFEE210120FEF735
:1075200067FFC520FFF7E0FB0E210120FEF760FF9B
:107530003620FFF7D9FB2078002805D002280DD08F
:1075400007D303280FD012E0C0210120FEF750FF1F
:107550000DE000210120FEF74BFF08E0A0210120F3
:10756000FEF746FF03E060210120FEF741FFE02027
:10757000FFF7BAFB0F210120FEF73AFF1A21012085
:10758000FEF736FF0F210120FEF732FF1821012000
:10759000FEF72EFF2F210120FEF72AFF28210120D0
:1075A000FEF726FF20210120FEF722FF22210120E5
:1075B000FEF71EFF1F210120FEF71AFF1B210120ED
:1075C000FEF716FF23210120FEF712FF37210120CD
:1075D000FEF70EFF00210120FEF70AFF0721012020
:1075E000FEF706FF02210120FEF702FF1021012015
:1075F000FEF7FEFEE120FFF777FB0F210120FEF7EB
:10760000F7FE1B210120FEF7F3FE0F210120FEF7FC
:10761000EFFE17210120FEF7EBFE33210120FEF7DC
:10762000E7FE2C210120FEF7E3FE29210120FEF7D1
:10763000DFFE2E210120FEF7DBFE30210120FEF7C8
:10764000D7FE30210120FEF7D3FE39210120FEF7BD
:10765000CFFE3F210120FEF7CBFE00210120FEF7E7
:10766000C7FE07210120FEF7C3FE03210120FEF71C
:10767000BFFE10210120FEF7BBFE2A20FFF734FBDE
:1076800000210120FEF7B4FE02210120FEF7B0FE2A
:1076900000210120FEF7ACFE82210120FEF7A8FEAA
:1076A0002B20FFF721FB00210120FEF7A1FE032183
:1076B0000120FEF79DFE00210120FEF799FE8321A7
:1076C0000120FEF795FEF020FFF70EFB01210120BF
:1076D000FEF78EFEF620FFF707FB00210120FEF7E4
:1076E00087FE3A20FFF700FB05210120FEF780FE10
:1076F0002920FFF7F9FA082004490860FFF7E8FBA2
:10770000FFF7B1FB1FBD0000A408022808063140A6
:1077100004063140A8080228A608022880C3C9012F
:107720003D130228040B3140080B314010B500F026
:10773000FFFA040008BFFBF743FF204610BD00F02E
:1077400095BB0000F8B52DED028B96B00400B0EEAD
:10775000408B0D00002C01D0012000E000204FF4F0
:10776000F172DFF87411C0B2FCF7D5FF00200020E1
:107770002900002C71D0BDEEC80B10EE100A9FED51
:10778000541BB4EE418BF1EE10FA09D52D22227074
:10779000641C00EE100AB8EEC00B38EE400B13E08C
:1077A0009FED4B1BB4EE418BF1EE10FAF1D130207E
:1077B0002070601C2E210170401C302101704CE0B3
:1077C000B2EE042B20EE020B0A00511ED2B2002AA8
:1077D000F6D1BDEEC00B10EE101A00220A2390FB6A
:1077E000F3F603FB160309AE1700FFB246F8273085
:1077F000521C0A2390FBF3F00028EFD11000C0B216
:1078000000281ED02000441C09AB1600F6B203EB82
:10781000860353F8043C002B07D409AB1600F6B2DC
:1078200003EB860353F8043C07E009AB1600F6B2FD
:1078300003EB860353F8043C5B4230330370521E63
:10784000DCE72800C0B2002807D000202E222270DA
:10785000621C002914D13020107016B0BDEC028BD0
:10786000F1BD0A2391FBF3F403FB14136C460600ED
:10787000F6B244F82630401C0A2391FBF3F16D1E4A
:107880002B00DBB2002BECD10100C9B20029E4D0FF
:1078900011004A1C6B460400E4B203EB840353F866
:1078A000043C002B07D46B460400E4B203EB8403D2
:1078B00053F8043C07E06B460400E4B203EB840396
:1078C00053F8043C5B4230330B70401EDCE7000091
:1078D0000000000000000000A4CE08100069C840AD
:1078E00010F001007047012212FA01F18160704727
:1078F000012212FA01F14160704710B48900436C13
:107900000F248C40A34312F00F0212FA01F1194325
:10791000416410BC704780B5C9B200290ED0010087
:10792000C9B2082291FBF2F302FB1311494AC0B21B
:10793000C010C0011044FFF7D6FF0DE00100C9B22E
:10794000082291FBF2F302FB1311424AC0B2C010AD
:10795000C0011044FFF7CCFF01BD80B50100C9B2E2
:10796000082291FBF2F302FB13113A4AC0B2C01095
:10797000C0011044FFF7B2FFC0B202BD10B5C9B2DA
:1079800000290BD1D2B2002A02D0022A02D003E091
:107990000F220BE00B2209E00A2207E0D2B2042AF0
:1079A00001D10C2200E00E2212F007020100C9B240
:1079B000082391FBF3F403FB1411264BC0B2C01053
:1079C000C0011844FFF799FF10BD2DE9F8418DB0B3
:1079D00004000E0015001F0034210022E846404636
:1079E000FCF72CFFF6B2002E0ED1FFB2002F02D012
:1079F000022F03D005E00F2001900DE00820019038
:107A00000AE00820019007E0FFB2042F02D10F2006
:107A1000019001E00E2001902000C0B2C0280FD0DC
:107A20002100C9B208206A4691FBF0F300FB131154
:107A300008482300DBB2DB10DB011844FCF7BDFF74
:107A40002900C9B22000C0B2FFF765FF0EB0BDE843
:107A5000F081000000003140022801D301200FE036
:107A60000B00DBB2042B01DB012009E0AA4B03EB86
:107A70008000C9B2405C824201D3012000E00020B6
:107A80007047F8B506000F0015001C00022E01D348
:107A900001201CE02A003900C9B23000FFF7DCFFEA
:107AA000012801D1012012E03800C0B2002811D114
:107AB000B4F5807F0CD299487603304400EB850002
:107AC00010F58050016864F30F2101600020F2BDC1
:107AD0000120FCE7FFB2012F10D1B4F5803F0BD29B
:107AE0008E487603304400EB850010F5A050016805
:107AF00064F317210160E9E70120E8E70120E6E7E8
:107B000000B20012C0B27047F8B505000E001700B1
:107B1000280000B2FFF7F4FF04002000C0B20228E2
:107B200001D3012023E03A003100C9B22000C0B2E5
:107B3000FFF792FF012801D1012018E077492000CA
:107B4000C0B2400308442A00D2B200EB8200D0F851
:107B5000000CF6B266F3092067F30700E4B2640391
:107B60002144EDB201EB8501C1F8000C0020F2BD0B
:107B700070B504000D001600022C01D301201CE09A
:107B800032002900C9B22000FFF766FF012801D1A9
:107B9000012012E061496003085850F0004050F0A5
:107BA000407050F47F00EDB265F3092066F30700E2
:107BB0006203885064030859002070BDF8B50600C0
:107BC000F600574C574D00212078C001284400F0A2
:107BD00014FA12E02078C001284400F010FAB842EC
:107BE000F8D32078C001284400F009FA361A0021A1
:107BF0002078C001284400F000FA4CF25137BE4210
:107C0000E8D22078C001284400F0F9F98642F8D281
:107C1000F1BDF8B504004FF4FA504443404D414ED5
:107C200000212878C001304400F0E7F914E02878FA
:107C3000C001304400F0E3F9B842F8D33A4F3C19A0
:107C40002878C001304400F0DAF93F18390028786C
:107C5000C001304400F0D1F94CF25137BC42E6D2B9
:107C60002878C001304400F0CAF98442F8D2F1BD4E
:107C700038B594B0502100226C462000FCF7DEFDA0
:107C80002A4C00220121B4F90000FFF73DFFB4F9AE
:107C90000000FFF735FF092300220121C0B2FFF7E2
:107CA000F0FEB4F90000FFF72BFF00220121C0B263
:107CB000FFF75EFF5FF0FF30009000208DF80400BA
:107CC00000208DF8050000208DF8060000208DF8BA
:107CD000080003208DF844000120129001208DF847
:107CE00007000F4C0F4D69462078C001284400F072
:107CF000BFF82078C001284400F07AF900212078EC
:107D0000C001284400F079F92078C0012844FCF72C
:107D100098FF15B030BD000048D3081000000440A3
:107D2000AE08022800005940B03CFFFFAA08022814
:107D300010B50446AFF30080204600F005F8044675
:107D4000AFF30080204610BDF8B500F10F04E40841
:107D5000E400A0422BD2082C04D2082402E0083010
:107D600000F047F8DFF800211368190005D1002062
:107D700007E00568A5420DD2011D08680028F8D16A
:107D80001868111D00E0191D0B6883420BD01D6897
:107D9000A542F8D359B10B6818680838A04208D238
:107DA000586808600FE000F03BF90028D7D10020A8
:107DB000F2BD181908601D1D586828511E680F680B
:107DC000361B3E601C60096800291DBF48680028FA
:107DD000081D0020106003F10800F2BD10B504007A
:107DE00006D0AFF30080204600F003F8AFF3008028
:107DF00010BD002800D1704770B4A0F108021368CC
:107E0000072B2ED913F0070F2BD1DFF85C406168E8
:107E100009B18A4203D25160626015E001464868A8
:107E200008B19042FAD308680E18B24219D39642AC
:107E300003D11B180B600A4606E0486810B11344D2
:107E400098420ED350604A60506850B11368D518FC
:107E5000854206D1002626600168CB181360406871
:107E6000506070BC704700007C120228FFF7B6BF5C
:107E700010B4012291F84C30052B03D291F84D300B
:107E8000052B01D31000A7E0002800F0A4800029F2
:107E900000F0A180514A12684B7963F392428B79CA
:107EA00013F0030363F311420B7A13F0070363F338
:107EB0001A62CB7963F39E720B7D63F3000291F833
:107EC000243063F3410202600A7910F130031C6828
:107ED00062F307041C604A79012A0BD18A79002ACF
:107EE00002D10022826007E08A79012A04D10A685F
:107EF000826001E001228260CA6802610A6942610F
:107F0000CA6982610A6AC2610A680262344A1268F6
:107F10000B7E03F0FF03120A12021A4391F830306D
:107F200003F0FF0363F3174291F8403003F0FF03BF
:107F300063F31F6291F8483003F0FF0363F30F22ED
:107F40004264284A126891F8383003F0FF03120A9D
:107F500012021A4391F8283003F0FF0363F30F2253
:107F60008264214A12688B7D13F003039208920009
:107F70001A4391F8253013F0030363F38B2291F831
:107F80002C3013F0030363F3051291F8343013F02F
:107F9000030363F3092291F83C3013F0030363F306
:107FA000871291F8443013F0030363F38302C26431
:107FB0000E4A126891F84C3013F00703D208D20031
:107FC0001A4391F84D3013F0070363F3061242652C
:107FD000497D81670022100010BC7047B0D30810A3
:107FE000B4D30810B8D30810BCD30810C0D30810FD
:107FF000016851F0004101607047816070478068FE
:1080000070477830016851F001010160704710F14C
:1080100070010A6852F001020A60006F70470000A8
:108020000749086808B1002070470648C008C0002A
:1080300008600549C908C900091A0160704700BFF6
:108040001813022807DC072800E007283EB54FF484
:10805000FA70FFF7DEFD684600210022002380E869
:108060000E00DFF874490020E06300202064002047
:108070006064002505E000F067FD0320FFF7C9FDFF
:108080006D1C322DF7DB002530E000F05DFDDFF8E0
:108090004C09B0F9000000EE100AB8EEC00ADDEDA0
:1080A000000A30EE200A8DED000A6846DFF830192C
:1080B000B1F9001000EE101AB8EEC00AD0ED010AB6
:1080C00030EE200A80ED010ADFF81819B1F900102E
:1080D00000EE101AB8EEC00AD0ED020A30EE200A07
:1080E00080ED020A0320FFF794FD6D1C642DCCDBAC
:1080F0009DED000ADFED880A80EE200A84ED0F0A6C
:10810000684690ED010ADFED840A80EE200A84EDD6
:10811000100A90ED020ADFED800A80EE200A84ED5D
:10812000110A00203EBD000080B500F00DFD00F0FA
:10813000ECFCDFF8B418DFF8A008DFF8A028B2F9EB
:10814000002000EE102AB8EEC00AD0ED0F0A91ED23
:10815000011AC0EE810A30EE600A80ED060ADFF8EF
:108160008028B2F9002000EE102AB8EEC00AD0ED47
:10817000100A91ED011AC0EE810A30EE600A80ED1E
:10818000070ADFF86028B2F9002000EE102AB8EEE6
:10819000C00AD0ED110A91ED011AC0EE810A30EE4D
:1081A000600A80ED080ADFF84428B2F9002000EEEA
:1081B000102AB8EEC00AD1ED000A80EE200A80ED48
:1081C000120ADFF82C28B2F9002000EE102AB8EECF
:1081D000C00AD1ED000A80EE200A80ED130ADFF814
:1081E0001428B2F9002000EE102AB8EEC00AD1ED32
:1081F000000A80EE200A80ED140ADFF8FC1791EDEA
:10820000000AD0ED060A20EE200AF7EE000A91EDF2
:10821000001A70EEC10A90ED0C1A00EE810A80ED92
:108220000C0A91ED000AD0ED070A20EE200AF7EEC5
:10823000000A91ED001A70EEC10A90ED0D1A00EEE1
:10824000810A80ED0D0A91ED000AD0ED080A20EEBA
:10825000200AF7EE000A91ED001A70EEC10A90EDC7
:108260000E1A00EE810A80ED0E0A91ED000AD0EDA3
:10827000120A20EE200AF7EE000A91ED001A70EEC5
:10828000C10A90ED151A00EE810A80ED150A91EDF4
:10829000000AD0ED130A20EE200AF7EE000A91ED55
:1082A000001A70EEC10A90ED161A00EE810A80EDF8
:1082B000160A91ED000AD0ED140A20EE200AF7EE1E
:1082C000000A91ED001A70EEC10A90ED171A00EE47
:1082D000810A80ED170A9FED810B90ED061AB7EE2B
:1082E000C11A21EE001BB7EEC11B80ED091A90EDFB
:1082F000071AB7EEC11A21EE001BB7EEC11B80EDC5
:108300000A1A90ED081AB7EEC11A21EE000BB7EE6B
:10831000C00B80ED0B0A01BD0000C84218B589B042
:108320000C0090ED040AD0ED080A20EE200AD0EDF2
:10833000050A90ED071A00EEC10AD0ED000A20EE02
:10834000200AD0ED050A90ED061A60EE810A90ED44
:10835000031AD0ED081A41EE610A90ED011A00EE01
:10836000810AD0ED030A90ED071A60EE810A90EDC4
:10837000041AD0ED061A41EE610A90ED021A00EEE1
:10838000810AB7EEC01AB0EEC11B9FED563BB4EEAA
:10839000431BF1EE10FA0BD56846DFF86016242275
:1083A000FAF78CFE242269462000FAF777FE93E064
:1083B000F7EE000A80EE800AD0ED040A90ED081A6C
:1083C00060EE810A90ED051AD0ED071A41EE610AC0
:1083D00060EE800AC4ED000AD0ED020A90ED071AA3
:1083E00060EE810A90ED011AD0ED081A41EE610AA3
:1083F00060EE800AC4ED010AD0ED010A90ED051A85
:1084000060EE810A90ED021AD0ED041A41EE610A85
:1084100060EE800AC4ED020AD0ED050A90ED061A5E
:1084200060EE810A90ED031AD0ED081A41EE610A60
:1084300060EE800AC4ED030AD0ED000A90ED081A40
:1084400060EE810A90ED021AD0ED061A41EE610A43
:1084500060EE800AC4ED040AD0ED020A90ED031A22
:1084600060EE810A90ED001AD0ED051A41EE610A26
:1084700060EE800AC4ED050AD0ED030A90ED071AFC
:1084800060EE810A90ED041AD0ED061A41EE610A01
:1084900060EE800AC4ED060AD0ED010A90ED061ADE
:1084A00060EE810A90ED001AD0ED071A41EE610AE4
:1084B00060EE800AC4ED070AD0ED000A90ED041AC0
:1084C00060EE810A90ED011AD0ED031A41EE610AC7
:1084D00020EE800A84ED080A0AB010BD399D52A230
:1084E00046DF913F3A8C30E28E79453EF0B400236E
:1084F00000E05B1C032B2EDA002421E005FB03F7D0
:10850000174407EB840705FB03FC84440CEB860C43
:108510009CED000A05FB06FC8C440CEB840CDCEDA6
:10852000000A05FB03FC94440CEB840C9CED001A40
:1085300000EE201A87ED001A761C032EDEDB641C89
:10854000032CD6DA0C2505FB03F61644002746F863
:1085500024700026F1E7F0BC704730B400220EE032
:108560000C2404FB02F50D4404FB03F4044454F80A
:10857000224045F823405B1C032BF1DB521C032AED
:1085800001DA0023F8E730BC7047F0B400231BE0A9
:108590000C2505FB03F6164406EB840605FB03F7E2
:1085A000074407EB840797ED000A05FB03F50D442C
:1085B00005EB8405D5ED000A30EE200A86ED000AB1
:1085C000641C032CE4DB5B1C032B01DA0024F8E7BA
:1085D000F0BC7047F0B400231BE00C2505FB03F64C
:1085E000164406EB840605FB03F7074407EB8407F4
:1085F00097ED000A05FB03F50D4405EB8405D5ED69
:10860000000A30EE600A86ED000A641C032CE4DBED
:108610005B1C032B01DA0024F8E7F0BC704730B490
:10862000002214E00C2404FB02F50D4405EB830545
:1086300004FB02F4044404EB8304D4ED000A60EE6E
:10864000800AC5ED000A5B1C032BEBDB521C032ADE
:1086500001DA0023F8E730BC704730B4002319E09A
:108660000C2505FB03F5054405EB840595ED000A93
:1086700001EB8405D5ED000A02EB830595ED001AA8
:1086800000EE201A02EB830585ED001A641C032C12
:10869000E6DB5B1C032B04DA002442F823400024B1
:1086A000F5E730BC704790ED000AD1ED000A30EEDE
:1086B000200A82ED000A90ED010AD1ED010A30EEA8
:1086C000200A82ED010A90ED020AD1ED020A30EE95
:1086D000200A82ED020A704790ED000AD1ED000AEF
:1086E00030EE600A82ED000A90ED010AD1ED010A38
:1086F00030EE600A82ED010A90ED020AD1ED020A25
:1087000030EE600A82ED020A704700002DE9F84F52
:108710002DED0E8BEAB0B0EE40CAF0EE60BAB0EECE
:1087200041BAF0EE61EAB0EE42EAF0EE62DADFF86A
:10873000D04221009FEDA20A2000FFF770FFDFF872
:10874000C472D7ED00CA97ED01AAB7EECA0A00F0CD
:1087500019FCB7EEC0DBB7EECD0AB0EEC00B9FED53
:10876000992BB4EE420BF1EE10FA01D59FED97DA9A
:10877000B7EECA0A00F008FCB0EE408BB7EEEC0A88
:1087800000F002FCB0EE409BB7EECA0A00F0FCFB22
:10879000B0EE40ABB7EEEE0A28EE091BB7EECD2ADD
:1087A00081EE021BB7EECE2A01EE020BB0EE408B3B
:1087B000B7EEEC0A00F0E6FB20EE0A0BB7EECD1A9E
:1087C00080EE010BB7EEED1A00EE018BB7EEC8ABF1
:1087D000B7EEEC0A00F0D6FBB7EECE1A21EE009B06
:1087E000B7EEED8AB7EEEC0A00F0CEFB08EE409B48
:1087F000B7EEC99BB7EEEC0A00F0C6FBB7EECD1A98
:1088000080EE010BB7EECE1A20EE018BB7EEEC0A2C
:1088100000F0B8FBB7EECD1A80EE010BB7EEED1A03
:1088200000EE018BB7EEC80BDFF8DC5185ED00AA36
:1088300085ED019A85ED020ADFF8D091DFF8D0616D
:108840000CAA31004846FFF708FF09AA29002000BA
:10885000FFF703FFDFF8BC81424609A90CA8FFF728
:1088600022FFDFF8B45160AA29004846FFF73EFE18
:108870004EA94846FFF771FE57AA4EA960A8FFF718
:1088800035FEDFF898B15A46DFF8941157A8FFF784
:108890007CFEDFF8909145A94846FFF75EFE3CAAB2
:1088A00045A95846FFF722FE0FAA59464846FFF74A
:1088B0001DFE0FAA45A90FA8FFF718FE33AADFF87F
:1088C00068110FA8FFF761FE2AA933A8FFF726FD5C
:1088D000DFF858A152462AA93CA8FFF707FE21AAB3
:1088E00049465046FFF702FE18AA21A9DFF84001C9
:1088F000FFF770FEDFF83C412200594618A8FFF749
:10890000F5FDB7EECB1AB7EEEB0A00F03FFBB7EE82
:10891000C08B2BEEAB0A0BEE0B0AB7EEC00A00F0D1
:1089200075FBB0EE401BB7EECC0A00F02FFBB1EEAA
:10893000400BB7EEC00BDFF800B18BED008A8BED7A
:10894000010A0020CBF8080006AA41464846FFF776
:1089500084FE03AA06A95846FFF7BEFE6A4603A98D
:108960005046FFF77AFE3A0069464046FFF79BFE05
:10897000242221002800FAF791FB0C223900300054
:10898000FAF78CFBDFF850009FED110B97ED001A02
:10899000B7EEC11A21EE001BB7EEC11B80ED011A24
:1089A00097ED011AB7EEC11A21EE000BB7EEC00B1E
:1089B00080ED000A6AB0BDEC0E8BBDE8F18F0000BF
:1089C000A69B443B3A8C30E28E79453E77CC2B32E5
:1089D0006666666666A64C40280E022820130228AA
:1089E0002213022824130228FC0702282613022837
:1089F000281302282A130228F406022810D108108E
:108A000064070228541202283C1202284007022858
:108A10003012022848120228A0100228C41002288E
:108A2000F8060228880702281C070228E8100228F6
:108A3000D0070228AC0702286012022880B50A007D
:108A40000821854B1960D2B20100C9B20220FDF79E
:108A50007FFD08208149086001BD10B51300082280
:108A60007D4C22600A000100C9B20220FDF7DFFD43
:108A700008207A49086010BD80B501000820764AB8
:108A8000106002236A4651F08001C9B20220FDF74E
:108A900047FE0820714908609DF8010002BD3EB5FF
:108AA0000C00150008216C4A11606B1C6A4650F0DE
:108AB00080000100C9B20220FDF732FE082067499C
:108AC0000860002005E06946014449782170641C73
:108AD000401CA842F7D337BD70B500200025002602
:108AE0003000461C80B2B0F5807F0ADA0020FFF724
:108AF000C3FF04000120FFF78CF8E4B2242CEFD16F
:108B000000E001252800C0B270BDE0B5062269462C
:108B10000C20FFF7C4FF9DF801009DF8001051EAFA
:108B200000214F4801809DF803009DF8021051EA92
:108B300000214C4801809DF805009DF8041051EA81
:108B400000214948018007BDE0B506226946122090
:108B5000FFF7A5FF9DF801009DF8001051EA0021E4
:108B6000424801809DF803009DF8021051EA00215F
:108B70003F4801809DF805009DF8041051EA00214E
:108B80003C48018007BD3EB500241420FFF741F8A2
:108B90000820029002200190022000900223364A11
:108BA00000210220FDF744FE0323012201217B2046
:108BB000FEF70BFF0020FFF75FFFFFF78DFF002898
:108BC00007D0E5232D4A2E490020FBF7C2FD0124E2
:108BD0003EE000217C20FFF731FF0120FFF719F86C
:108BE00000215920FFF72AFF4FF4005225495E204B
:108BF000FFF733FF01215920FFF720FF1420FFF773
:108C000008F82120FFF738FF012807D0F4231B4A7A
:108C10001D490020FBF79DFD012419E00E217D2058
:108C2000FFF70CFFA7214020FFF708FFA9214220F2
:108C3000FFF704FF02214120FFF700FF134D5FF013
:108C40008B40286000214320FFF7F8FE1048686041
:108C50002000C0B23EBD000084073140880731408B
:108C600026130228281302282A1302282013022878
:108C7000221302282413022880969800E0CE0810C0
:108C800050D2081080000810ECD20810FC0702280F
:108C90006F1283419FED8F2B20EE021B53EC112BA3
:108CA0001946F0B421F0004457EC116B274647EC0D
:108CB000126B9FED8A4BB4EE442BF1EE10FA2DEDC2
:108CC000068B2BD5B6EE002B53EC122B01F0004196
:108CD000194355EC124B0D4645EC124B32EE011B7D
:108CE000BDEEC11B11EE101A002900F09D80BAEEF6
:108CF000C21B9FED7C3B01EE030B9FED7C5B01EE05
:108D0000050B9FED7C7B01EE070B9FED7C9B01EE3D
:108D1000090B9FED7C3B01EE030B85E055EC104BFE
:108D20006B0043EAD4735A15DB1712F1010F14D10B
:108D30004FF0FF30834208BF824208D12D0345EA3D
:108D400014552403002D08BF002C40F0BF80BDEC5B
:108D5000068B9FED6E0BF0BC704724F0000235F0DF
:108D6000004308BF002A08D1002800F0AF80BDEC06
:108D7000068BB7EE000BF0BC7047B6EE002B53EC41
:108D8000122B01F00041194355EC124B0D4645ECF6
:108D9000124B32EE011B53EC112B5D0045EAD275EC
:108DA0005400002D08BF002C19D040F23341A1EB34
:108DB0005551352904DB02F0000203F000430CE0BA
:108DC000202903DD2039CB408B4000E001D1002277
:108DD00003E00029C4BFCA408A4043EC112B53EC86
:108DE000112B22F0000433F0004508BF002C17D0EF
:108DF0009FED483B21EE032B9FED3A5B02EE050B06
:108E00009FED3A7B02EE070B9FED3A9B02EE090BBA
:108E10009FED3AAB02EE0A0B9FED3A5B02EE050BBB
:108E2000BDEEC11B11EE101A53EC102B23F00043C2
:108E300001F0030143EC112B9FED383B0818B4EE11
:108E4000431BF1EE10FA04D5C1073BD5B7EE000B7A
:108E500038E0C10720EE001B1AD59FED322B9FEDA5
:108E6000334B01EE024B9FED336B04EE016B9FED34
:108E7000338B06EE018B9FED332B08EE012B9FED1C
:108E8000334B02EE014BB7EE000B04EE010B19E081
:108E90009FED307B9FED314B01EE074B9FED318B0A
:108EA00004EE018B9FED31AB08EE01AB9FED317B02
:108EB0000AEE017B9FED314B20EE012B07EE014BBB
:108EC00002EE040B800748BFB1EE400BBDEC068BF1
:108ED000F0BC704783C8C96D305FE43F0000A0FF5D
:108EE000FFFFDF4100000050FB21B9C1000000601E
:108EF000B41011C00000002026A651BE00000000E2
:108F00005C14D3BC000000209A833BBBFFFFFFFF33
:108F1000FFFFFF7F000000000000303E0000000067
:108F20000000403E09260A1039BA213E3BA861C61E
:108F3000F97D92BE63AC30909F01FA3EF6FB51166C
:108F40006CC156BFB10255555555A53FAEFFFFFF49
:108F5000FFFFDFBFB08F2FC310D8E53D8F0C73A18B
:108F6000E1E55ABE4DADE44FE31DC73E3EE3B51902
:108F7000A0012ABFFAF010111111813F4255555539
:108F80005555C5BF012085E6002083E652EC113B14
:108F900051EC10CBB0EEC00BB0EEC11BC80F4900B6
:108FA000520028BF0C3011F5001F34BF12F5001F0E
:108FB00010E0634572EB010C38BF80F004001343EE
:108FC0001AD003D281EE000B00F036B880EE010B10
:108FD00000F032B811F5001F08BF80F0040094BF04
:108FE00012F5001F0CE08A424FF0000312BF00226E
:108FF0004FF07C5242F4700242EC103B00F01CB87F
:109000006FF0004120EE101B70470000B5EEC00B62
:10901000F1EE10FA02D4B1EEC00B70476FF0004CC5
:1090200020EE10CBAFF300807047816911F8021C6D
:10903000C9B201607047000021A1B1EC061BB4EE7B
:10904000410BF1EE10FA09DBB1EE424B33EE001B9F
:1090500000EE034B84EE010B40F0020030EE10CB2B
:10906000B1EC063B2CF0004CBCF1795F15D320EE3F
:10907000001B03EE014B20EE013B04EE015B05EE0D
:10908000030BB1EC083B03EE014B04EE015B05EE74
:10909000016B06EE012B80EE020B38BF2031400839
:1090A00010F0020F18BFB1EE400B01EBC00191EDC3
:1090B000001B30EE010B28BFB1EE400B70470000E3
:1090C00057CD9E5E1426D13F000000000000F03F07
:1090D000AA4C58E87AB6FB3F845D57134B57B03F14
:1090E000B2934C19ED5EE43FBEDE02B90240F83F98
:1090F000DE39028FC7C0743F8AAB1283000CC83FB1
:1091000024D7E508B6D8F03F0F34580E5895FD3FE8
:10911000000000000000000066732D3852C1E03FDF
:10912000182D4454FB21F93F66732D3852C1F03F8E
:10913000182D4454FB21F93F66732D3852C100406D
:10914000182D4454FB2109403FD038C6A6F10440F5
:10915000DFF8C4110868C0F34000002801D00220E5
:1091600002E0086810F001007047DFF8B001006805
:1091700010F0010070470000C21E022A01D3012036
:1091800002E0C01E0860002070471CB5FF2469463D
:10919000FFF7F2FFC0B2002802D02000C0B207E003
:1091A000DFF8FC01009950F8210010F00100C0B276
:1091B00016BD0000002801D0032801D3012002E0E1
:1091C000401E0860002070471CB5FF246946FFF769
:1091D000F1FFC0B2002802D02000C0B208E0DFF8E2
:1091E000C401009909010844C06810F00100C0B230
:1091F00016BD0000DFF8BC010068800810F0010017
:10920000704738B504002000C0B2082811D3DFF839
:1092100098511822DFF89411280000F00DFC00206E
:10922000E87540F65B00DFF888110860002000F068
:109230003BFCDFF8CC112000C0B251F82000C0F395
:109240000020002805D0E4B251F8240010F00F00EF
:1092500000E0FF2032BD38B504002000C0B208286D
:1092600011D3DFF844511822DFF84011280000F034
:10927000E3FB0020E8754FF40960DFF83411086063
:10928000002000F011FCDFF87801E4B250F824006F
:10929000C0F30110C0B232BDDFF868211368C3F318
:1092A000072303601068C0F3C40008607047DFF84C
:1092B00058211368C3F3072303601068C0F3C40088
:1092C0000860704738B50400072C11D3DFF8D85078
:1092D0001822DFF8C411280000F0AEFB0020E8756A
:1092E0004FF4CE70DFF8C8100860002000F0DCFBFF
:1092F000DFF8A00150F8240010F00700010009B2C7
:10930000042907D1DFF8880150F8240010F01F006D
:1093100050F4807000B232BD24152640401526401E
:10932000DFF8B01209688A03920B0260090E11F08F
:109330000101C171DFF8A01209680A00D204D20C41
:1093400082800A00120C02F0FF020281090C01F077
:10935000FF014181DFF84411096811F00F02027327
:109360000A00C2F3031242730A00120AD204D20C9A
:10937000C281090F11F003010174DFF86413096859
:109380000A00120A12F0070282710A00120CD205BA
:10939000D20D4282890F11F0010101757047000062
:1093A0004016264000192640B4110228C0CD0810EE
:1093B00088120228100027401CB50C006946FFF7F0
:1093C000DBFE0100C9B2002901D0C0B217E0DFF80E
:1093D000B404009950F8210010F07F012160C0F31F
:1093E00004216160C0F30441A1600100090F11F084
:1093F00003016173C00E10F001002073002016BD40
:109400004012264008002040080420401CB50C00F3
:109410006946FFF7CFFE0100C9B2002901D0C0B2F2
:1094200035E0DFF8101500980001085800F0FF0241
:109430002260C0F304226260C0F30442A260000F05
:1094400010F00300207300980001084442681000E7
:10945000C00F6073C2F30270002801D0012000E049
:109460000020A07322F07F4222610098000108448E
:1094700080680100C90F21750100090E11F001017A
:109480006175A075000C10F00700E075002016BD96
:1094900000012640001226400CCE08103815264048
:1094A00080B50100DFF868051822F9F707FE0120F2
:1094B000DFF860150870002002BDDFF85C15096850
:1094C000C90F002908D0DFF84C150978002907D109
:1094D0000021016003207047002101600320FAE7AA
:1094E000DFF82C15096801600020F4E710B50400CE
:1094F000FFF72EFE002803D10020206003200DE09E
:10950000DFF810050078002805D0DFF80405806832
:109510002060002002E000202060032010BD000039
:10952000DFF8F0140978002905D0DFF8E414496861
:109530000160002002E00021016003207047DFF895
:10954000DC140968C90F002908D0DFF8C8140978AD
:10955000002907D10021016003207047002101602C
:109560000320FAE7DFF8A814C96801600020F4E7D7
:10957000DFF8AC140968C90F002908D0DFF894148B
:109580000978002907D100210160032070470021DC
:1095900001600320FAE7DFF8781409690160002010
:1095A000F4E710B50400FFF725FE002803D10020E2
:1095B000206003200DE0DFF85C040078002805D06F
:1095C000DFF84C0440692060002002E000202060A9
:1095D000032010BD301526403415264010B50C0070
:1095E000C0B2FFF76FFE00280ED0012810D002286D
:1095F00012D0B0F5887F13D040F21111884213D0F9
:10960000B0F58A7F14D017E02000FFF756FF16E070
:109610002000FFF785FF12E02000FFF767FF0EE054
:109620002000FFF78CFF0AE02000FFF7BAFF06E0FA
:109630002000FFF79DFF02E000202060032010BD06
:1096400080B501000020FFF7C9FF02BD80B50322ED
:10965000D2B2824203D200200860012003E0401C05
:10966000C0B2FFF7BBFF02BD18B587B00400684663
:10967000FFF7E6FF0100C9B2002903D000212160F5
:10968000C0B22BE001A8FFF74BFE9DF814000228A2
:1096900003D100982060002020E0DFF888030068F4
:1096A000C00F002808D0FFF760FDC0B2002807D126
:1096B00000202060032011E00098206000200DE0D1
:1096C000009901984143BDF80800B1FBF0F09DF806
:1096D0000B10491CB0FBF1F02060002008B010BD59
:1096E0003C152640F0B58BB005000C0069462800FB
:1096F000C0B2FFF7ABFF0100C9B2002903D00021BF
:109700002160C0B2BCE02800C0B202284CD307A937
:109710002800C0B2401CFFF74FFEC0B2002811D095
:10972000DFF804631822DFF80413300000F084F936
:109730000020F07540F66310DFF8F4120860002096
:1097400000F0B2F94F482900C9B200EB810050F88F
:10975000080CC00F002807D09DF82900022807D167
:109760000098206000208BE000982060002087E0B7
:10977000EDB26D1C2800FFF708FD0100C9B20029F9
:1097800002D0C0B2FF2803D100202060032077E080
:109790000099079841430898B1FBF0F00999B0FB94
:1097A000F1F0206000206BE001A92800C0B2401C4D
:1097B000FFF72CFEC0B2002811D0DFF86C6218222F
:1097C000DFF86812300000F037F90020F07540F63D
:1097D0007F10DFF85C120860002000F065F9554842
:1097E0002900C9B209014058C00F002807D09DF8D0
:1097F0001000022807D100982060002040E0009867
:10980000206000203CE0EDB26D1C2800FFF7DCFC7E
:109810000100C9B2002902D0C0B2FF2803D1002044
:10982000206003202CE09DF8110001281DD1009A32
:109830000023019E00273F0647EA162736060598B3
:10984000002136184F41A6FB020106FB031107FB5E
:109850000211029A039BA3FB0223F9F799FD000E64
:1098600040EA0120090E206009E000990198414377
:109870000298B1FBF0F00399B0FBF1F020600020FA
:109880000BB0F0BD0016264010B50323421E0400A5
:10989000E4B2002C03D10800FFF7E6FE0CE0140050
:1098A000DBB2E4B2A34204D31000C0B2FFF71AFF48
:1098B00002E0C0B2FFF792FE10BD38B505000C0003
:1098C0002800C0B2FFF79DFC0100C9B2FF2904D1F6
:1098D0002000FFF7F2FDC0B21BE06946C0B2FFF7FF
:1098E000D3FF0100C9B2002903D000212160C0B21A
:1098F0000FE02800C0B2FFF7AEFCC0B2002805D0D0
:1099000002280BD006D303280CD00FE0009820606B
:10991000002032BD009840082060F9E700988008D8
:109920002060F5E70098C0082060F1E70020206083
:109930000320EEE7001926401FB5040002A901200C
:10994000FFF7BBFF0100C9B2002903D0002121604D
:10995000C0B21AE0694601A8FFF79EFC01980021F9
:10996000421C71F1FF335B0143EAD263520100985C
:10997000002112184B4102980021490141EAD061AF
:109980004001F9F705FD2060002004B010BD1FB5AF
:10999000040002A90120FFF790FF0100C9B20029CD
:1099A00003D000212160C0B21AE0694601A8FFF788
:1099B0007EFC01980021421C71F1FF335B0143EAF8
:1099C000D26352010098002112184B4102980021E5
:1099D000490141EAD0614001F9F7DAFC206000203A
:1099E00004B010BD80B5DFF84C100A68C2F3032242
:1099F0000E2A07D00968C1F303210D2905D1FFF70D
:109A0000C6FF02BDFFF798FFFBE70120F9E7000062
:109A10009C110228301302281815264008152640EC
:109A20000C15264030152640B41102280CCE081023
:109A3000881202280000204001B58B071AD1830745
:109A400024D1121F21D351F8043BA3F1013C2CEA8D
:109A5000030C1CF0803C04BF40F8043BF1E79CFA87
:109A60008CFCBCFA8CF1C1F118018B40CB4040F862
:109A7000043B13E0042A09D311F8013B521E00F8FD
:109A8000013B5BB18B07F7D1D9E7121D5AB111F831
:109A9000013B521E00F8013B03B1F8D111001CBF7D
:109AA0000022FAF7CFFE01BD01BEFEE780B5234AD2
:109AB00023490B6893423ED00A60224A12684A62E8
:109AC000214A8A6202684A6042688A608268CA6083
:109AD000C2680A6102694A6142698A618269CA612F
:109AE000C2690A62F1EE102A12F0900F23D0174AD1
:109AF0008A62026ACA62426A0A63826A4A63C26A04
:109B00008A63026BCA63426B0A64826B4A64C26BEB
:109B10008A64026CCA64426C0A65826C4A65C26CD3
:109B20008A65026DCA65426D0A66826D4A66C26DBB
:109B30008A66006EC86600F00BF801BDFAF9F8F706
:109B4000B80D022828ED00E0A4A3A2A1ABAAA9A801
:109B5000FEE700002DE9F0412DED048BDFF8A405B0
:109B600000F034FBFAF736FE00F0B4FBFFF70BF819
:109B7000FEF76CFA00F0ACFC00F054FE0123012269
:109B800000216B20FDF721FF6B20FDF7E6FE00288A
:109B900007D0FDF70BFC6B20FDF7DFFEDFF8A81503
:109BA0000860DFF864459FED768ADFED768A9FEDE9
:109BB000769AB0EE492AF0EE681A9FED741ADFED3E
:109BC000730AB0EE480A200000F0C2FEB0EE492A47
:109BD000F0EE681A9FED6D1ADFED6C0AB0EE480AE0
:109BE000DFF8280500F0B4FEB0EE492AF0EE681A5E
:109BF0009FED661ADFED650A9FED650ADFF8100537
:109C000000F0A6FE9FED638ADFED639AB0EE492A6D
:109C1000F0EE681A9FED5D1AF0EE690AB0EE480AA0
:109C2000DFF8F00400F094FEB0EE492AF0EE681A76
:109C30009FED561AF0EE690AB0EE480ADFF8D80434
:109C400000F086FEB3EE0E2AF0EE681A9FED4F1A72
:109C5000DFED4E0A9FED510ADFF8C00400F078FEF8
:109C6000DFED4F8A9FED4F9A9FED4F8ADFED4F9AC0
:109C7000B0EE692AF0EE481A9FED441AF0EE490A58
:109C8000B0EE680ADFF8980400F0FBFDB0EE692A38
:109C9000F0EE481A9FED3D1AF0EE490AB0EE680A60
:109CA000DFF8800400F0EDFDB0EE692AF0EE481A0E
:109CB0009FED361AF0EE490AB0EE680ADFF8680444
:109CC00000F0DFFDB2EE002AF2EE001A9FED2F1A2F
:109CD000DFEDC70A9FEDC70ADFF8500400F0D1FDA1
:109CE000F1EE088AB2EE0A2AF0EE681A9FEDC21A67
:109CF000DFED260A9FEDC10ADFF8340400F028FEEC
:109D0000B2EE002AF0EE681A9FED201ADFED1F0A6E
:109D10009FEDBB0ADFF81C0400F01AFE9FEDB99A14
:109D2000F3EE048AB0EE682ADFED181A9FED171AD9
:109D3000DFED160AB0EE490ADFF8FC0300F008FE7A
:109D4000DFF8F853B0EE682ADFED101A9FED0F1A16
:109D5000DFED0E0AB0EE490A280000F0F9FD40F6EA
:109D6000B831002000F02CFF42F21071012000F009
:109D700027FF44F62061022000F022FFA6E000BF8A
:109D8000CDCC74410000C84200007A4400000000BD
:109D9000666682410AD7233CACC5A7360AD7233D65
:109DA0000AD7A33B17B7D1380000204200002A434E
:109DB000DFF8040400220260DFF84403002202609E
:109DC000DFF87C030A680260DFF878033A68026013
:109DD000DFF874030068002853D00323052291EDB7
:109DE000000AB7EEC00A2D210020FDF722FA032356
:109DF000052298ED000AB8EEC00B2D212D20FDF7AD
:109E000018FA0323052297ED000AB7EEC00A3C2199
:109E10000020FDF70EFA0323052294ED080AB7EEA1
:109E2000C00A3C212D20FDF704FA03230522C74870
:109E3000008800EE100AB8EE400B4A210020FDF722
:109E4000F8F903230522AE4890ED000AB7EEC00AE8
:109E50004A212D20FDF7EDF903230522C64890ED98
:109E6000000AB7EEC00A5A210020FDF7E2F90323E9
:109E7000052295ED080AB7EEC00A5A212D20FDF7FC
:109E8000D8F996ED010AB5EE400AF1EE10FA02D1CA
:109E9000B048AF49016096ED000AB5EE400AF1EE18
:109EA00010FA02D1AB4880ED008A96ED010AB5EEBA
:109EB000400AF1EE10FA06D096ED000AB5EE400A1F
:109EC000F1EE10FA02D10120A34908601821A34E37
:109ED000320001290EDB12F01F004118BFF34F8F33
:109EE000A0480260203220390129F9DABFF34F8FF0
:109EF000BFF36F8F20219A4A130001290EDB13F064
:109F00001F004118BFF34F8F96480360203320395C
:109F10000129F9DABFF34F8FBFF36F8F92491068B1
:109F20000860924F5068386091ED000AB5EE400A23
:109F3000F1EE10FA1EDD97ED000AB5EE400AF1EEE3
:109F400010FA17DD8C4890ED000ADFED8C0AB4EEB4
:109F5000600AF1EE10FA0DDB9FED8A0AD1ED000ADE
:109F600030EE600ADFED820A20EE200A814880EDA3
:109F7000000A1EE091ED000AB5EE400AF1EE10FA7B
:109F800014D597ED000AB5EE400AF1EE10FA0DD5A2
:109F9000794890ED000ADFED790AB4EE600AF1EE3F
:109FA00010FA03DB7348764A026002E0714800222F
:109FB000026091ED000AB5EE400AF1EE10FA23DDE1
:109FC00097ED000AB5EE400AF1EE10FA1CDD9FEDA8
:109FD0006D0AD1ED000A30EE600AB0EEC00AB4EEB0
:109FE000680AF1EE10FA0FD50120674A10600EE002
:109FF00082A8FB376F12833BCDCC4C3E333373408A
:10A000008FC2753CCDCC3C4100205F4A1060DFF828
:10A010007881D8F8000000283FF4CAAE97ED000A16
:10A02000B5EE400AF1EE10FA7FF7C2AE9FED570A87
:10A03000D7ED000A30EE600ADFED550ADFED550A74
:10A04000B4EE600AF1EE10FA05DB0020524A1070FF
:10A05000F7EE000A3DE050480278521C0270027888
:10A06000C92A01DBC8220270DFED4C0A60EE200A2B
:10A070000278652A1ADBB4EE680AF1EE10FA01D50F
:10A08000002202709FED460AF4EE400AF1EE10FA4B
:10A0900002DBDFED440A1CE09FED430AF4EE400AC8
:10A0A000F1EE10FA15D5F0EE400A12E09FED3F0AEE
:10A0B000F4EE400AF1EE10FA02DBDFED3D0A08E0B3
:10A0C0009FED3C0AF4EE400AF1EE10FA01D5F0EEF5
:10A0D000400A3948B7EEE00A9FED382B20EE020B1C
:10A0E00090ED001AB7EEC11A9FED363B01EE030B5F
:10A0F000B7EEC00B80ED000A014A006810605FE611
:10A100009C12022880B2E60E100F0228380F022897
:10A11000600F0228880F0228B00F0228D80F0228EB
:10A120000C1102283011022854110228781102283B
:10A130000010022828100228501002287810022847
:10A14000EC120228F01202288C120228A008022821
:10A1500000000C42D0120228D81202280010002859
:10A16000B00A082870EF00E0E4120228E812022882
:10A17000CDCCCC3F98120228F412022801002F44C3
:10A180000000484200009642901202280000DC4283
:10A19000000000000100204231130228CDCC4C3DCC
:10A1A000CECC4C3FCDCC4C3FCDCC4CBF9B99993EB7
:10A1B0009A99993E9A9999BE941202289A999999D6
:10A1C0009999C93F9A9999999999E93F80B5054913
:10A1D000086000F0F7FDFDF74BFD0020FBF74CFC9D
:10A1E00001BD0000041302283EB57748007800281E
:10A1F0006ED00321002201AC2000FAF71FFB0020E3
:10A2000000208DF8040001AC312060706F4D0120FA
:10A2100000900DF10603022201A9280001F0D6F8F2
:10A22000A07800284DD000208DF8040086206070B2
:10A230000120A0700020009001AB032201A928009A
:10A2400001F0C4F800208DF804008920607001201E
:10A2500000900DF10603022201A9280001F0B6F8D2
:10A26000A078892825D100208DF804009620607000
:10A270000220009001AB022201A9280001F0A6F8FB
:10A280009DF80400617851EA0021080000B240F610
:10A29000A172904207D34FF400504D49088000202E
:10A2A0004C49087014E04A4801800120494908706F
:10A2B0000EE04FF4005046490880002045490870E0
:10A2C00006E04FF4005042490880002041490870E0
:10A2D00037BD70472DE9F041A4B0002000263B4D6A
:10A2E00099200090982364222921280001F0D4F8B5
:10A2F0000323012201213A20FDF767FB3220FDF7FD
:10A3000088FC0420344908600A20FDF782FC042000
:10A31000324908603220FDF77CFC00208DF80400F3
:10A3200001AFE5207870012000900DF106030222B4
:10A3300001A9280001F04AF8BC7814F0010494F057
:10A3400001042000C0B2012835D000208DF804009F
:10A3500001207870872222490DF106084046F8F75F
:10A360009DFE0020009001AB892201A9280001F088
:10A370002DF809E03000461C80B240F2E9318842F5
:10A3800015DA0120FDF745FC00208DF8040031208E
:10A390007870012000900DF10603022201A9280027
:10A3A00001F014F8B878C007E4D4002000E00124DC
:10A3B0000120054908700B49022001F0ACF820008B
:10A3C000C0B224B0BDE8F081351302282012022863
:10A3D000A008022836130228840331408803314044
:10A3E00038CD0810D3A2081080B50A0050F08000C4
:10A3F0000821DFF804341960D2B20100C9B200208C
:10A40000FCF7A6F80820DFF8F4130860DFF8F00383
:10A410000078002802D12D20FDF7D0FB01BD80B5CA
:10A42000010011F07F010820DFF8CC231060012328
:10A430006A46C9B20020FCF773F90820DFF8BC13A4
:10A440000860EF480078002802D12D20FDF7B6FB08
:10A450009DF8000002BD80B50020FFF7E0FFC0B20C
:10A46000492807D07723E74AE7490020FAF771F92E
:10A47000012000E0002002BDE0B50820DE490860B0
:10A4800006236A4616210020FCF74AF90820DB491A
:10A490000860DE489DF803109DF8022052EA012270
:10A4A0000280DB499DF805209DF8043053EA022321
:10A4B0000B80D84A1368B0F9000003FA80F01060EE
:10A4C000D5480268B1F9001002FA81F1016007BDB8
:10A4D0003EB50124CA4D00202870082002900020BB
:10A4E0000190002000900023CC4A00210020FCF7BE
:10A4F0009FF90323012201211320FDF766FA0520AD
:10A50000FDF787FB5A213A20FFF76EFF0A20FDF77F
:10A5100080FB0220FFF783FF0320FFF780FF04206A
:10A52000FFF77DFF0520FFF77AFF0620FFF777FF93
:10A53000FFF791FF002840F05C8100217F20FFF7AA
:10A5400053FFAD216120FFF74FFF03217F20FFF76D
:10A550004BFF00214020FFF747FF05217F20FFF739
:10A5600043FFB3214120FFF73FFFF1214320FFF7D5
:10A570003BFF14214520FFF737FF32215B20FFF717
:10A5800033FF34215F20FFF72FFF08217B20FFF7E7
:10A590002BFF06217F20FFF727FF1B214420FFF719
:10A5A00023FFBF214020FFF71FFF3F214E20FFF771
:10A5B0001BFF08217F20FFF717FF20216520FFF7F1
:10A5C00013FF18216A20FFF70FFF09217F20FFF7F3
:10A5D0000BFFAF214F20FFF707FF40215F20FFF760
:10A5E00003FF80214820FFF7FFFE80214920FFF76D
:10A5F000FBFE77215720FFF7F7FE78216020FFF759
:10A60000F3FE78216120FFF7EFFE08216220FFF7BB
:10A61000EBFE50216320FFF7E7FE0A217F20FFF7C2
:10A62000E3FE60214520FFF7DFFE00217F20FFF7DA
:10A63000DBFE11214D20FFF7D7FE80215520FFF7CB
:10A64000D3FE1F217420FFF7CFFE1F217520FFF7D7
:10A65000CBFE78214A20FFF7C7FE78214B20FFF779
:10A66000C3FE08214420FFF7BFFE50214520FFF71D
:10A67000BBFEFF216420FFF7B7FE1F216520FFF717
:10A68000B3FE14217F20FFF7AFFE67216520FFF79F
:10A69000ABFE08216620FFF7A7FE70216320FFF7BD
:10A6A000A3FE15217F20FFF79FFE48214820FFF7DA
:10A6B0009BFE07217F20FFF797FE0D214120FFF72A
:10A6C00093FE14214320FFF78FFE0E214B20FFF74E
:10A6D0008BFE0F214520FFF787FE42214420FFF724
:10A6E00083FE80214C20FFF77FFE10217F20FFF7A3
:10A6F0007BFE02215B20FFF777FE07217F20FFF71B
:10A7000073FE41214020FFF76FFE00217020FFF70C
:10A710006BFE0A20FDF77DFA44213220FFF764FE2C
:10A7200007217F20FFF760FE40214020FFF75CFEFD
:10A7300006217F20FFF758FEF0216220FFF754FE2C
:10A7400000216320FFF750FE0D217F20FFF74CFE14
:10A75000C0214820FFF748FED5216F20FFF744FEB7
:10A7600000217F20FFF740FEA0215B20FFF73CFE89
:10A77000A8214E20FFF738FE50215A20FFF734FE63
:10A7800080214020FFF730FE00217F20FFF72CFEC4
:10A7900010215A20FFF728FE00215420FFF724FE45
:10A7A0000A20FDF736FA0E217F20FFF71DFE0F214C
:10A7B0007220FFF719FE00217F20FFF715FE0A2007
:10A7C000FDF727FA00211520FFF70EFE1420FDF7F4
:10A7D00020FA1520FFF723FEBF2803D10024012013
:10A7E000287006E04FF48B73064A0D490020F9F7F4
:10A7F000B0FF2000C0B23EBD04013140080131402D
:10A800003C1302281CCF081078D108102C13022802
:10A810002E1302280C1302281013022880841E0015
:10A8200098D1081080B5002232212620F9F7EAFCE1
:10A83000002232212920F9F7E5FC002232214620AE
:10A84000F9F7E0FC002232214820F9F7DBFC01BDDA
:10A85000F4EE400AF1EE10FA04D5BCEEE00A10EE78
:10A86000100A0DE0B4EE410AF1EE10FA04D5BCEE88
:10A87000C10A10EE100A03E0BCEEC00A10EE100A86
:10A88000704780ED000AC0ED010A80ED021AC0EDAC
:10A89000031A80ED082A704730EEC00AD0ED050A91
:10A8A00070EE600A90ED051AF8EE001AB0EE402A3C
:10A8B00001EE212A90ED061A32EE011AD0ED011AAE
:10A8C00061EE801A90ED032AB4EE612AF1EE10FADF
:10A8D00002D5D0ED031A0CE090ED032AB1EE422A26
:10A8E000F4EE421AF1EE10FA03D5D0ED031AF1EEB0
:10A8F000611A90ED002A42EE201AD0ED020A40EED5
:10A90000811AD0ED070A70EEA10AC0ED070AD0ED5A
:10A91000080A90ED071AF4EE410AF1EE10FA01D59B
:10A92000016AC161D0ED070A90ED081AB1EE411A33
:10A93000F4EE410AF1EE10FA05D5D0ED080AF1EE79
:10A94000600AC0ED070A4169816180ED050A704720
:10A9500080ED000AC0ED010A80ED021AC0ED071A71
:10A9600080ED092A704730EEC00A80ED030A90EDB1
:10A97000000AD0ED030A20EE200AD0ED010A90ED86
:10A98000031AD0ED061A40EE811AC0ED061AD0ED7A
:10A99000070A90ED061AF4EE410AF1EE10FA02D51C
:10A9A000C169816110E0D0ED060A90ED071AB1EEA1
:10A9B000411AF4EE410AF1EE10FA05D5D0ED070A7E
:10A9C000F1EE600AC0ED060AD0ED030A90ED051A1B
:10A9D00070EEC10A90ED021A60EE810AC168416111
:10A9E00090ED061A30EE010A30EE200A80ED080ADA
:10A9F00090ED090AD0ED080AB4EE600AF1EE10FA03
:10AA000002D5416A016210E090ED080AD0ED090A12
:10AA1000F1EE600AB4EE600AF1EE10FA05D590EDA1
:10AA2000090AB1EE400A80ED080A7047022801D3F6
:10AA3000012010E00B00DBB2042B01DB01200AE057
:10AA4000DFF86C3303EB8000C9B2405C824201D373
:10AA5000012000E000207047F8B506000F00150047
:10AA60001C00022E01D301201DE02A003900C9B2CA
:10AA70003000FFF7DBFF012801D1012013E038008F
:10AA8000C0B2002812D1B4F5807F0DD2DFF82403C4
:10AA90007603304400EB850010F58050016864F3C4
:10AAA0000F2101600020F2BD0120FCE7FFB2012F61
:10AAB00011D1B4F5803F0CD2DFF8F80276033044B0
:10AAC00000EB850010F5A050016864F317210160C8
:10AAD000E8E70120E7E70120E5E700B20012C0B295
:10AAE0007047F8B505000E001700280000B2FFF708
:10AAF000F4FF04002000C0B2022801D3012023E0AB
:10AB00003A003100C9B22000C0B2FFF78FFF012820
:10AB100001D1012018E0A7492000C0B24003084439
:10AB20002A00D2B200EB8200D0F8000CF6B266F335
:10AB3000092067F30700E4B264032144EDB201EB9E
:10AB40008501C1F8000C0020F2BD70B504000D00B5
:10AB50001600022C01D301201CE032002900C9B2EA
:10AB60002000FFF763FF012801D1012012E0914985
:10AB70006003085850F0004050F0407050F47F00DF
:10AB8000EDB265F3092066F30700620388506403A1
:10AB90000859002070BD80B50100C9B2032906DA4A
:10ABA0008549C0B2C0010844FDF731FA07E0834986
:10ABB000C0B2C0010844B0F5C070FDF728FA01BD6D
:10ABC00070B596B004000D005021002202AE300096
:10ABD000F9F734FE00262000C0B203286ADA00220A
:10ABE00001212000C0B200F2711000B2FFF779FF1E
:10ABF0002000C0B200F2711000B2FFF76EFF09230F
:10AC000000220121C0B2FFF727FF2000C0B200F2EE
:10AC1000711000B2FFF761FF00220121C0B2FFF7FF
:10AC200094FF2000C0B210F5D570ADF800000220EE
:10AC3000ADF8020001208DF80400032260482100D5
:10AC4000C9B250F821106846FAF73EFFED000295B0
:10AC500000208DF80C0000208DF80D0000208DF8EC
:10AC60000E0000208DF8100003208DF84C0001200C
:10AC7000149000208DF8540000208DF855004E4DA2
:10AC800002A92000C0B2C0012844FDF7F1F820005D
:10AC9000C0B2C0012844FDF7ABF92000C0B2C0012A
:10ACA0002844F9F7CEFFE4B2E40105EB0400FDF718
:10ACB000A8F97AE0002201212000C0B210F5B1709D
:10ACC00000B2FFF70EFF2000C0B210F5B17000B265
:10ACD000FFF703FF092300220121C0B2FFF7BCFEEA
:10ACE0002000C0B210F5B17000B2FFF7F6FE0022EE
:10ACF0000121C0B2FFF729FF2000C0B200F29B1073
:10AD0000ADF800000220ADF8020001208DF804002B
:10AD100003222B482100C9B250F821106846FAF7E7
:10AD2000D3FEED00002005E0B5F5803F01D3761C91
:10AD30006D08401C0828F7DB02958DF80C60002098
:10AD40008DF80D0000208DF80E0000208DF8100009
:10AD500003208DF84C000120149000208DF8540041
:10AD600000208DF85500154D02A92000C0B2C00189
:10AD70002844B0F5C070FDF77BF82000C0B2C001D8
:10AD80002844B0F5C070FDF733F92000C0B2C0010F
:10AD90002844B0F5C070F9F754FFE4B2E40105EBC4
:10ADA0000400B0F5C070FDF72CF916B070BD0000BE
:10ADB00048D308100000044000005940008058406B
:10ADC0001C08022810B5002042490860BFF34F8FCD
:10ADD00041480168C1F34E32C1F3C90343F6E07044
:10ADE00010EA421050EA83703C4C20601800431E69
:10ADF0000028F3D11000421E0028EDD1BFF34F8F81
:10AE0000BFF36F8FBFF34F8FBFF36F8F00203449B5
:10AE10000860BFF34F8FBFF36F8F00F001F810BDD4
:10AE200038B586B068462F491822F8F747F96846C2
:10AE3000FEF736FBC0B200280DD02B4C18222B4950
:10AE40002000FEF7F9FD0020E0754E20284908603B
:10AE50000020FEF729FE274D2800FEF7C3FDC0B2F3
:10AE600000280DD0204C182220492000FEF7E4FDD8
:10AE70000020E07550201E4908600020FEF714FEF7
:10AE80001D49286808600A681C4882181C48B2FBE3
:10AE9000F0F01C4A10601C48096801F2E7314FF4D9
:10AEA0007A72B1FBF2F101600068C00317490860D3
:10AEB00007B030BD80B500F041FB15490A6852F477
:10AEC00070020A60BFF34F8FBFF36F8F00F03AFB41
:10AED00001BD000084ED00E080ED00E074EF00E0D3
:10AEE00050EF00E0BCD20810B411022858CE081070
:10AEF00088120228B8120228BC1202283F420F0012
:10AF000040420F00C4120228C0120228C8120228B0
:10AF100088ED00E01CB50400002C01D0012000E009
:10AF200000204122DFF86015C0B2F9F7F4FBDFF82A
:10AF30005C0501212278D21010EBC212237813F0A5
:10AF4000070311FA03F313602279D21010EBC21039
:10AF5000227912F0070211FA02F20260E068009012
:10AF60000098421E00920028FAD1DFF824252079AB
:10AF7000C01012EBC010237913F0070311FA03F38A
:10AF80000360E06800900098431E00930028FAD107
:10AF90002078C01012EBC012207810F0070081401A
:10AFA0001160E06800900098411E00910028FAD1DD
:10AFB00013BD1CB50400002C01D0012000E00020CE
:10AFC0005522DFF8C414C0B2F9F7A5FBDFF8C004BE
:10AFD00001212279D21010EBC212237913F007035A
:10AFE00011FA03F313602278D21010EBC21022780A
:10AFF00012F0070211FA02F20260E0680090009875
:10B00000421E00920028FAD1DFF880242078C01078
:10B0100012EBC010237813F0070311FA03F3036057
:10B02000E06800900098431E00930028FAD1207930
:10B03000C01012EBC012207910F00700814011609F
:10B04000E06800900098411E00910028FAD113BDDD
:10B0500038B504000D00002C01D0012000E00020D4
:10B060006A22DFF82414C0B2F9F755FBDFF8201488
:10B0700001222078C01011EBC010237813F00703D1
:10B0800012FA03F30360EDB2002D0CD02079C0104A
:10B09000DFF8F83313EBC013207910F0070012FA31
:10B0A00000F0186009E02079C01011EBC01023797E
:10B0B00013F0070312FA03F30360E06800900098AE
:10B0C000431E00930028FAD1DFF8C0332078C01067
:10B0D00013EBC010257815F0070512FA05F5056089
:10B0E000E06800900098451E00950028FAD120786D
:10B0F000C01011EBC011207810F0070012FA00F018
:10B1000008602079C01013EBC013207910F00700FD
:10B1100082401A6031BD2DE9FC410400002C01D0B1
:10B12000012000E000208622DFF85C13C0B2F9F7AE
:10B13000F2FA0025DFF85C6301272078C01016EBD7
:10B14000C010217811F0070117FA01F10160DFF852
:10B150003C832079C01018EBC010217911F0070151
:10B1600017FA01F10160002200216068C0B2FCF70B
:10B1700005FCE06800900098411E00910028FAD17B
:10B180002078C01018EBC018207810F0070017FACC
:10B1900000F0C8F80000E06800900098411E00919F
:10B1A0000028FAD16068C0B2FCF7D7FB002800D0B5
:10B1B00001252078C01016EBC016207810F007008B
:10B1C00087403760032201216068C0B2FCF7D6FBDC
:10B1D000E06800900098411E00910028FAD12800F4
:10B1E000C0B2BDE8F6817CB504000D00002C01D092
:10B1F000012000E00020A822DFF88C12C0B2F9F78D
:10B200008AFA80210800C0B200284ED02800C0B2BF
:10B2100008420CD00120227912F0070290402279D6
:10B22000D210DFF8683213EBC21318600BE0012074
:10B23000227912F0070290402279D210DFF85432BE
:10B2400013EBC2131860C9B24908E06840080090C7
:10B250000098421E00920028FAD10122207810F0B6
:10B26000070012FA00F02378DB10DFF8206216EBFB
:10B27000C3163060E06800900098431E00930028D9
:10B28000FAD1207810F0070082402078C010DFF853
:10B29000043213EBC0131A60E06840080090009875
:10B2A000421E00920028FAD1ACE72000FFF733FFDE
:10B2B000012801D1002000E00120C0B276BD2DE9B7
:10B2C000FC4704000D00002C01D0012000E000200C
:10B2D000C222DFF8B411C0B2F9F71DFA0026082720
:10B2E000DFF8AC815FF001092078C01018EBC010C6
:10B2F000217811F0070119FA01F10160E06800906E
:10B300000098411E00910028FAD1DFF880A1207931
:10B31000C0101AEBC010217911F0070119FA01F1E0
:10B320000160002200216068C0B2FCF727FB27E023
:10B330002078C01018EBC010217811F0070119FA1D
:10B3400001F10160E06800900098411E0091002822
:10B35000FAD12078C0101AEBC010217811F0070143
:10B3600019FA01F10160E06800900098411E009117
:10B370000028FAD16068C0B2FCF7EFFA50EA46063E
:10B380003800471EC0B20028D2D12078C01018EB78
:10B39000C018207810F0070019FA00F9C8F80090DA
:10B3A000032201216068C0B2FCF7E8FAE06800906F
:10B3B0000098411E00910028FAD12900C9B220004E
:10B3C000FFF746FE3000C0B2BDE8F6872DE9F04138
:10B3D00005000C0017001E00002D01D0012000E028
:10B3E0000020DFF8A48040F24E224146C0B2F9F7B7
:10B3F00092F9002C01D0012000E0002040F24F2201
:10B400004146C0B2F9F787F9002E01D0012000E0D3
:10B4100000204FF414724146C0B2F9F77CF92800BD
:10B42000FFF778FD297A4900C9B22800FFF7DBFE53
:10B4300004E021782800FFF7D6FE641C3800471E80
:10B440000028F6D12800FFF765FD297A490051F060
:10B450000101C9B22800FFF7C6FE069C0BE00021DF
:10B4600004E037007E1C002CF9D10121C9B228006C
:10B47000FFF725FF38702000441E0028F1D1280076
:10B48000FFF797FDBDE8F08194CF08100800314028
:10B4900004003140040031402DE9F843040088469F
:10B4A0001700002C01D0012000E00020089D1E00A4
:10B4B000DFF85C9040F2BA224946C0B2F9F72BF9A6
:10B4C00030002900C0B2C9B2884201D0012000E09A
:10B4D000002040F2BB224946C0B2F9F71CF9300007
:10B4E000C0B220602800C0B2606084F80880E760C5
:10B4F0000323012201213000C0B2FCF766FA0323C6
:10B50000012201212800C0B2FCF75FFABDE8F183F7
:10B5100094CF08107047074A10700800002803D124
:10B5200003480549086001E00348016070470000D6
:10B5300015B50810401302280C080228EFF31080FC
:10B5400072B6704780F31088704700002DE9F04113
:10B550002DED028B0020FFF71EFBDFF84C1508686D
:10B56000401C0860DFF84405006800280ED1DFF8B1
:10B57000400590ED000AB5EE400AF1EE10FA05D054
:10B5800000200860DFF82C0500218160FEF72CFE0A
:10B5900000F0D8FAFCF7C8FDDFF81C45206840F23F
:10B5A0001551884202DB40F214502060DFF80C0590
:10B5B000DFF80C15B1F9001000EE101AB8EEC00A51
:10B5C000DFF80015D1ED010A80EE200A80ED000AB7
:10B5D000DFF8E05495ED020AB7EEC00A90ED001ACC
:10B5E000B7EEC11A9FED923B01EE030BB7EEC00B15
:10B5F00085ED020AD5ED0B2A95ED0A2AD5ED091A3B
:10B6000095ED171AD5ED160A95ED150AFDF77EF89A
:10B6100094ED000AB8EEC01AD5ED000A95ED010AC6
:10B6200000F0B4FADFF8A044DFF8A004D0ED080A77
:10B63000DFF89C0490ED000A2000FFF794F9DFF892
:10B640009464DFF89404D0ED080A95ED070A300001
:10B65000FFF722F9DFF88474DFF88404D0ED080ADC
:10B6600095ED060A3800FFF717F9DFF87884DFF860
:10B670007804D0ED080A95ED080A4046FFF773F903
:10B68000DFF868549FEDA70AD6ED070A70EE600A4E
:10B6900097ED071A70EEC10A98ED081A70EE810A4C
:10B6A00094ED081A70EE810AC5ED020AD6ED070A7C
:10B6B00070EE800A97ED071A70EEC10A98ED081A2D
:10B6C00070EEC10A94ED081A70EE810AC5ED030A06
:10B6D000D6ED070A70EE600A97ED071A70EE810A40
:10B6E00098ED081A70EEC10A94ED081A70EE810AFE
:10B6F000C5ED000AD6ED070A30EE800AD7ED070A3D
:10B7000030EE200AD8ED080A30EE200AD4ED080AFF
:10B7100030EE200A85ED010A9FED838ADFED838AF2
:10B72000B0EE681AF0EE480A95ED020AFFF790F8BD
:10B7300000EE100AB8EE400A85ED020AB0EE681A73
:10B74000F0EE480A95ED030AFFF782F800EE100AC2
:10B75000B8EE400A85ED030AB0EE681AF0EE480A2A
:10B7600095ED000AFFF774F800EE100AB8EE400AF3
:10B7700085ED000AB0EE681AF0EE480A95ED010A70
:10B78000FFF766F800EE100AB8EE400A85ED010AF0
:10B79000DFF85C03006800281ED0DFF8580390ED46
:10B7A000000ADFED880AB4EE600AF1EE10FA13D554
:10B7B00000212920F8F7F9FC00212620F8F7F5FCF4
:10B7C00000214620F8F7F1FC00214820F8F7EDFCB5
:10B7D0000120C949086027E0C7480068002823D134
:10B7E00095ED020ABCEEC00A10EE101A2920F8F7F7
:10B7F000DCFC95ED030ABCEEC00A10EE101A262000
:10B80000F8F7D3FC95ED010ABCEEC00A10EE101A51
:10B810004620F8F7CAFC95ED000ABCEEC00A10EE0F
:10B82000101A4820F8F7C1FCBDEC028BBDE8F0818E
:10B83000FA7E6ABC7493683F10B50120FFF7ABF93C
:10B84000AE4890ED000AF7EE000A30EE200A80EDD7
:10B85000000A90ED000ADFED850AB4EE600AF1EE11
:10B8600010FA0AD1A64991ED000AF7EE000A30EE6F
:10B87000200A81ED000A00210160A14890ED000A34
:10B88000F0EE080AB4EE600AF1EE10FA02D10120DF
:10B890009C490860874C9C48D0ED080A94ED000A4A
:10B8A0008D48FFF760F8994890ED080AF1EE400ADC
:10B8B00094ED010A8A48FFF756F87D48D0ED000A5A
:10B8C00094ED020A8848FFF74EF889490868002875
:10B8D00004D18F480268921C026003E08C48026821
:10B8E000921E02608A4C206840F2B732904202DB1E
:10B8F00040F2B63020602068B0F5967F04DA086820
:10B90000002801D00020206094ED000AF8EEC00A63
:10B91000784890ED000A6D48FFF725F820687D49CA
:10B92000086010BD00401944000048440000024473
:10B9300070B50220FFF72FF900F078F9DFED580A13
:10B94000754890ED000A7148FFF70DF86E4C734D85
:10B95000734ED6ED000A95ED000A2000FFF703F8BC
:10B9600096ED000AB5EE400AF1EE10FA29D094EDFA
:10B97000080ADFED4C0AB4EE600AF1EE10FA02DBC1
:10B98000684820621DE095ED000AF6EE000AB4EE6C
:10B99000600AF1EE10FA0BD5B0EE080AD4ED080AF1
:10B9A000F4EE400AF1EE10FA02D584ED080A08E040
:10B9B00094ED080AB5EE400AF1EE10FA01D5002028
:10B9C000206270BD0000964380B50320FFF7E3F8C6
:10B9D00001BD80B50420FFF7DEF801BD80B505206C
:10B9E000FFF7D9F801BD80B50620FFF7D4F801BDF7
:10B9F00080B50720FFF7CFF801BD80B50820FFF71D
:10BA0000CAF801BD80B50920FFF7C5F801BD80B5B2
:10BA10000A20FFF7C0F801BD80B50B20FFF7BBF887
:10BA200001BD80B50C20FFF7B6F801BD80B50D2033
:10BA3000FFF7B1F801BD80B50E20FFF7ACF800F0BC
:10BA400049F901BD80B50020F9F715FA002801D0A9
:10BA5000F8F751FE01BD80B50120F9F70CFA002876
:10BA600002D031480068804701BD00000000C84294
:10BA700080B50220F9F7FFF9002801D000F068F93D
:10BA800001BD80B50320F9F7F6F901BD80B50420AA
:10BA9000F9F7F1F9002802D024480068804701BD79
:10BAA000000000000100A040841202289012022829
:10BAB00098120228280E0228F8120228E012022802
:10BAC00024130228FC07022800100228281002284C
:10BAD000FC1202280C110228100F02283011022833
:10BAE000380F0228D80F0228600F022810120228EF
:10BAF000D8120228F4120228DC120228CC120228E2
:10BB0000D0120228D41202287810022850100228DD
:10BB100000000228F4070228A8120228AC1202280A
:10BB20009C1202280000A0400408022808080228ED
:10BB300080B50520F9F79FF901BD80B50620F9F71A
:10BB40009AF901BD2D48018841F64172914203DB0B
:10BB500001203349086018E02949008800EE100AE6
:10BB6000B8EE400B9FED272B20EE020B91ED001A53
:10BB7000B8EEC11B9FED253B01EE030BBDEEC00BE4
:10BB800081ED000A002026490860704710B52DEDB0
:10BB9000028BB0EE418A9FED1F1AB0EEC00A20EE74
:10BBA000010ADFED1D1AC0EE218AB0EEE00A20EE98
:10BBB000010ADFED190A80EE200A00F039FA174C6D
:10BBC00028EE008AB0EE680A00F032FA28EE000A89
:10BBD00084ED000A1248006800280BD1114894ED4A
:10BBE000000AD0ED000A30EE600A0F4981ED000A2C
:10BBF00021680160BDEC028B10BD0000A008022886
:10BC0000F81202289A9999999999C93F9A999999FC
:10BC10009999E93FDB0F494000003443F4120228B0
:10BC2000F807022800130228FC12022880B5FEF74C
:10BC300023FC1C490A881D480068121A0A801A4A07
:10BC400013881B4800681B1A13809FED1A0B9FED89
:10BC50001B1BB1F9000002EE100AB8EEC22B22EE57
:10BC6000012B184890ED003AB7EEC33A03EE002BD3
:10BC7000B7EEC22B144880ED002AB2F9000002EEA4
:10BC8000100AB8EEC22B22EE011B104890ED002ADC
:10BC9000B7EEC22A02EE001BB7EEC10B0C4880EDD6
:10BCA000000A01BD2C1302282E130228A01202281C
:10BCB000A4120228CDCCCCCCCCCCEC3F9A9999994B
:10BCC0009999B93FB0120228A8120228B41202288A
:10BCD000AC120228F8B51948007800282DD00020B1
:10BCE000174C08202060174D042028600820286089
:10BCF000042020600820206004202860002615E031
:10BD000008202860104F072000F094F93100C9B2D4
:10BD100027F81100042000F08DF93100C9B207EBBB
:10BD20004101A1F8000108202060761C3000C0B25B
:10BD30008028E5DB012005490870F1BD3E1302288B
:10BD40000803314004033140B00802283F130228A1
:10BD50001FB50020019040480078002868D004E01A
:10BD6000012269463D48F9F79AFC69460220F9F735
:10BD7000E8F90028F4D19DF800000A2858D10620DF
:10BD80000190364C012301AA02A92000F9F757FDC2
:10BD9000032228A10DF10B0000F086F9002810D134
:10BDA0002748017802293DD0012101702000F9F7D0
:10BDB00065FC0190002301AA22492000F9F73FFD0C
:10BDC00030E003221CA10DF10B0000F06DF90028FA
:10BDD00010D11D480178022924D0012101702000D2
:10BDE000F9F74CFC0190002301AA18492000F9F74B
:10BDF00026FD17E0032211A10DF10B0000F054F90C
:10BE000000280FD11248017802290BD001210170BE
:10BE10002000F9F733FC0190002301AA0D4920000E
:10BE2000F9F70DFD2000F9F7EFFB01200C49087030
:10BE30001FBD0000524D4300474741005448530086
:10BE40003A130228B80C022839130228380C0228A9
:10BE50003B130228380D022838130228E411022867
:10BE600037130228DFED620A60EE200A10EE902AF6
:10BE700022F0004101EE101ADFED5E1AB4EE611AF5
:10BE8000F1EE10FA25D54FF07C5102F000420A4342
:10BE900001EE102A71EE200AFDEEE00A10EE901A73
:10BEA00000296AD0FAEEC90A9FED531A00EE810A02
:10BEB000DFED521A00EEA10A9FED512A00EE820A30
:10BEC000DFED502A00EEA20A9FED4F1A00EE810A24
:10BED00053E010EE101A4B001B1613F1010F0AD19C
:10BEE0004900081610F1010F02D1090240F07F80CD
:10BEF0009FED460A7047490004D1002877D0B7EE7D
:10BF0000000A70474FF07C5102F000420A4301EEF4
:10BF1000102A71EE200A10EE902A51000DD0090E61
:10BF2000C1F196011829A8BF02F0004203DA0029E6
:10BF3000C4BFCA408A4000EE902A10EE901A490011
:10BF400017D09FED331A20EE811ADFED2B1A01EE88
:10BF5000210A9FED2A2A01EE020ADFED292A01EECD
:10BF6000220A9FED283A01EE030ADFED271A01EEBF
:10BF7000210AFDEEE00A10EE901A01F00301081804
:10BF800010EE101A21F0004100EE901A9FED211AD8
:10BF9000F4EE410AF1EE10FA04D5C10723D5B7EE4D
:10BFA000000A20E0C10760EE000A0ED59FED1A0AD4
:10BFB0009FED1A1A00EE801ADFED191A41EE201AD1
:10BFC000B7EE000A01EEA00A0DE09FED162ADFEDA4
:10BFD000161A40EE821ADFED152A20EE201A41EEE5
:10BFE000A02A01EE220A800748BFB1EE400A70473E
:10BFF00083F9223F0000004F0000C9C600A0FDC029
:10C000000020A2BA000034B30030C2AEFFFFFF7FB1
:10C0100000008038000080399349B2BA36A02A3D2A
:10C02000DFFFFFBE6E8C4CB94283083CA1AA2ABE3A
:10C03000012017E730B40100C9B249090200D2B2A9
:10C04000202392FBF3F403FB1422154BC0B21B5CBC
:10C050005B00D3F10403134C0800C0B254F8200075
:10C060001500EDB2AD01284400F63C00056855F01E
:10C07000010505600800C0B254F82000D0F80002A5
:10C08000C00F0028F6D1C9B254F82100D2B29201F3
:10C090001044D0F8240880B2184180B230BC7047F8
:10C0A000880E0228100802288AB10B7890F800C088
:10C0B0009C4506D110F8013B4BB1491C521EF4D1EE
:10C0C00005E002D24FF0FF3070470120704700209A
:10C0D00070470000000000000000000000000000A9
:10C0E00000000000000000F8000000000000003325
:10C0F0003000000000100C06100C060000000000CC
:10C100000000000040C07840C0784000043F0404B4
:10C110003F040400007088FC08300000001820FF75
:10C12000211E0000F008F000E018000000211C03B0
:10C130001E211E0000F00888700000001E2123242C
:10C140001927211010160E0000000000000000004A
:10C1500000000000000000E01804020000000007DA
:10C160001820400000020418E000000000402018E1
:10C1700007000000404080F0804040000202010FB4
:10C1800001020200000000F0000000000101011F98
:10C1900001010100000000000000000080B07000FC
:10C1A000000000000000000000000000000101018C
:10C1B000010101010000000000000000003030001B
:10C1C00000000000000000008060180400601806F5
:10C1D0000100000000E010080810E000000F10202F
:10C1E00020100F00001010F8000000000020203F79
:10C1F0002020000000700808088870000030282403
:10C2000022213000003008888848300000182020A3
:10C2100020110E000000C02010F8000000070424C8
:10C22000243F240000F8088888080800001921200D
:10C2300020110E0000E0108888180000000F112067
:10C2400020110E0000380808C83808000000003F20
:10C25000000000000070880808887000001C22217F
:10C2600021221C0000E010080810E000000031222C
:10C2700022110F00000000C0C000000000000030CC
:10C28000300000000000008000000000000080601E
:10C29000000000000000804020100800000102049F
:10C2A0000810200040404040404040000404040486
:10C2B0000404040000081020408000000020100842
:10C2C00004020100007048080808F0000000003077
:10C2D00036010000C030C828E810E0000718272405
:10C2E00023140B000000C038E0000000203C2302B3
:10C2F0000227382008F8888888700000203F202016
:10C3000020110E00C0300808080838000718202047
:10C310002010080008F808080810E000203F20203E
:10C3200020100F0008F88888E8081000203F20201F
:10C330002320180008F88888E8081000203F200013
:10C3400003000000C030080808380000071820204B
:10C35000221E020008F808000008F808203F21010A
:10C3600001213F20000808F8080800000020203FB5
:10C370002020000000000808F8080800C080808025
:10C380007F00000008F888C028180800203F20011E
:10C390002638200008F8080000000000203F202078
:10C3A0002020300008F8F800F8F80800203F003F8F
:10C3B000003F200008F830C00008F808203F2000A7
:10C3C00007183F00E01008080810E0000F102020B8
:10C3D00020100F0008F808080808F000203F21018D
:10C3E00001010000E01008080810E0000F182424E4
:10C3F00038504F0008F8888888887000203F200057
:10C40000030C30200070880808083800003820210C
:10C4100021221C00180808F8080818000000203F16
:10C420002000000008F808000008F808001F20207D
:10C4300020201F000878880000C83808000007384E
:10C440000E010000F80800F80008F800033C07009F
:10C45000073C0300081868808068180820302C0307
:10C46000032C30200838C800C83808000000203FDE
:10C470002000000010080808C838080020382621CD
:10C4800020201800000000FE020202000000007FD1
:10C4900040404000000C30C00000000000000001DF
:10C4A0000638C00000020202FE00000000404040CA
:10C4B0007F000000000004020202040000000000EF
:10C4C000000000000000000000000000808080806C
:10C4D0008080808000020204000000000000000054
:10C4E00000000000000080808080000000192422ED
:10C4F00022223F2008F8008080000000003F112029
:10C5000020110E000000008080800000000E11202D
:10C5100020201100000000808088F800000E11200B
:10C5200020103F200000808080800000001F222219
:10C5300022221300008080F0888888180020203F85
:10C54000202000000000808080808000006B949498
:10C550009493600008F8008080800000203F210054
:10C5600000203F2000809898000000000020203F1D
:10C5700020200000000000809898000000C080800B
:10C58000807F000008F8000080808000203F2402A7
:10C590002D302000000808F8000000000020203F97
:10C5A000202000008080808080808000203F20004C
:10C5B0003F20003F8080008080800000203F2100DD
:10C5C00000203F200000808080800000001F20208D
:10C5D00020201F00808000808000000080FFA120BC
:10C5E00020110E000000008080808000000E1120CD
:10C5F00020A0FF80808080008080800020203F215C
:10C60000200001000000808080808000003324240E
:10C6100024241900008080E0808000000000001FBA
:10C62000202000008080000000808000001F20206B
:10C6300020103F20808080000080808000010E302C
:10C640000806010080800080008080800F300C038D
:10C650000C300F0000808000808080000020312E90
:10C660000E312000808080000080808080818E706C
:10C670001806010000808080808080000021302C1E
:10C680002221300000000000807C02020000000037
:10C69000003F404000000000FF00000000000000DC
:10C6A000FF0000000002027C800000000040403FCC
:10C6B0000000000000060101020204040000000066
:10C6C000000000000000000000000000002F00003B
:10C6D00000000700070000147F147F1400242A7F45
:10C6E0002A120062640813230036495522500000C4
:10C6F0000503000000001C224100000041221C0034
:10C700000014083E08140008083E0808000000A0B5
:10C710006000000808080808000060600000402071
:10C7200010080402003E5149453E0000427F40008F
:10C73000004261514946002141454B310018141215
:10C740007F10002745454539003C4A4949300001E2
:10C750007109050300364949493600064949291E31
:10C760000000363600000000563600000008142293
:10C770004100001414141414000041221408000293
:10C780000151090600324959513E007C1211127CB8
:10C79000007F49494936003E41414122007F4141E5
:10C7A000221C007F49494941007F09090901003ED7
:10C7B0004149497A007F0808087F0000417F410015
:10C7C000002040413F01007F08142241007F40408B
:10C7D0004040007F020C027F007F0408107F003E73
:10C7E0004141413E007F09090906003E4151215E59
:10C7F000007F091929460046494949310001017F56
:10C800000101003F4040403F001F2040201F003FEB
:10C810004038403F0063140814630007087008079D
:10C8200000615149454300007F4141000204081066
:10C830002040000041417F0000040201020400404A
:10C84000404040400000010204000020545454784D
:10C85000007F48444438003844444420003844446D
:10C86000487F00385454541800087E09010200180B
:10C87000A4A4A47C007F080404780000447D400048
:10C88000004080847D00007F102844000000417F2C
:10C890004000007C04180478007C08040478003808
:10C8A0004444443800FC242424180018242418FC90
:10C8B000007C0804040800485454542000043F44F9
:10C8C0004020003C4040207C001C2040201C003CBC
:10C8D0004030403C004428102844001CA0A0A07C0C
:10C8E000004464544C4414141414141438B5FEF762
:10C8F000E1FA00F042F800F0C9F8714908688003D5
:10C9000012D4BFF34F8FBFF36F8F00206D4A1060BA
:10C91000BFF34F8FBFF36F8F086850F4003008608B
:10C92000BFF34F8FBFF36F8F0868C00324D400207C
:10C93000654A1060BFF34F8F64480268C2F34E33FC
:10C94000C2F3C90443F6E07010EA431050EA847061
:10C950005F4D28602000441E0028F3D11800431EBC
:10C960000028EDD1BFF34F8F086850F48030086085
:10C97000BFF34F8FBFF36F8F31BD70B586B0684680
:10C9800054491822F6F79AFB00200AE06946020093
:10C99000D2B201EBC2014968491C11F0070F0DD159
:10C9A000401C0100C9B2032909D269460200D2B273
:10C9B00011F8321011F0070FE8D0FEE7FEE7464C01
:10C9C000207810F0070F00D0FEE7444D2868401C87
:10C9D00010F0070F00D0FEE7002622E06846310085
:10C9E000C9B200EBC10041683000C0B252F830005B
:10C9F00000F043F814E000200028EFD02168491E21
:10CA00003000C0B252F8300000F037F8684631000C
:10CA1000C9B200EBC10041682868401C00F02DF845
:10CA2000761C3000C0B2032825D26A463000C0B25E
:10CA300052F83000002813D020683100C9B252F8F3
:10CA4000311088420AD368463100C9B200EBC100F8
:10CA500040682168884201D30120CDE70020CBE760
:10CA600068463100C9B200EBC100406821688842C5
:10CA7000C1D30120C0E706B070BD0022002302E050
:10CA8000C0E9002308308842FAD3704730B4144814
:10CA900080081449144A002308E01C00E4B252F84C
:10CAA00024401D00EDB241F825405B1C1C00050030
:10CAB000E4B2EDB2AC42F0D30C48016030BC704738
:10CAC00014ED00E050EF00E084ED00E080ED00E0C8
:10CAD00060EF00E0A4D2081030CD081034CD08106B
:10CAE00080000000801302280000081008ED00E01C
:10CAF000010009B2002908D4012210F01F018A4068
:10CB00004F4900B2400941F820207047FEE780B548
:10CB10004C4800684C4801680800C00F002805D048
:10CB20004A488905890D50F8210080470020FFF709
:10CB3000DFFF01BD80B5464800684648016808002F
:10CB4000C00F002805D041488905890D50F8210003
:10CB500080470120FFF7CCFF01BD80B53E4800684B
:10CB60003E4801680800C00F002805D037488905F5
:10CB7000890D50F8210080470220FFF7B9FF01BD61
:10CB800080B537480068374801680800C00F0028A2
:10CB900005D02E488905890D50F8210080470320D3
:10CBA000FFF7A6FF01BD80B52F4800682F48016838
:10CBB0000800C00F002805D024488905890D50F8C9
:10CBC000210080470420FFF793FF01BD80B528486E
:10CBD0000068284801680800C00F002805D01B48DD
:10CBE0008905890D50F8210080470520FFF780FF57
:10CBF00001BD80B520480068204801680800C00FCA
:10CC0000002805D011488905890D50F8210080477A
:10CC10000620FFF76DFF01BD80B51948006819486F
:10CC200001680800C00F002805D008488905890D53
:10CC300050F8210080470720FFF75AFF01BD000090
:10CC400080E200E050D308100001204004000228D8
:10CC500054D308100401204058D308100801204084
:10CC60005CD308100C01204060D308101001204054
:10CC700064D308101401204068D308101801204024
:10CC80006CD308101C01204072B61D4908684FEA99
:10CC9000102000F00F000E2808BF1A490D2808BF09
:10CCA0001949072808BF1949082808BF1849086802
:10CCB00020F00B0008600868BFF34F8F1548164935
:10CCC0000860BFF34F8F1549086840F007000860FF
:10CCD0001349086840F007000860BFF34F8FBFF3A7
:10CCE0006F8F00200021124AE2E802016A45FBD161
:10CCF0000C4FB8470C4FB8470C4FB847FEE7000041
:10CD0000000020400C0020400C0420400C08204073
:10CD10000C0C20400000081008ED00E090EF00E04F
:10CD200094EF00E0EDC80810E9D0081089D208108F
:10CD300000FF0728FFFF07282902100025BC5181AA
:10CD400080079300FFFF75FFFE0D00170100000034
:10CD500000000000000000003000170A0000000082
:10CD6000000000000000001102000208000810018D
:10CD70000100000000FF00020000000000200B0086
:10CD80000002FF21000001000000008C000038FFBD
:10CD90000100270034006507008705016800C0080E
:10CDA000380000000099C8000300000000000207DE
:10CDB000050606030002C7FFDB0200000101210097
:10CDC000443A5C435954344242375C666C79352DA1
:10CDD00073745C6C69627261726965735C73646BB5
:10CDE0005C747669696268346D5C7372635C6472EA
:10CDF00069766572735C737973636C6B5C63795F7E
:10CE0000737973636C6B2E6800000000443A5C43D6
:10CE10005954344242375C666C79352D73745C6CBE
:10CE200069627261726965735C73646B5C74766964
:10CE3000696268346D5C7372635C64726976657292
:10CE4000735C737973636C6B5C63795F7379736321
:10CE50006C6B2E6300000000443A5C43595434422A
:10CE600042375C666C79352D73745C6C69627261F3
:10CE7000726965735C73646B5C747669696268344B
:10CE80006D5C7372635C73797374656D5C737973D5
:10CE900074656D5F747669696268346D5F636D3760
:10CEA0002E630000443A5C435954344242375C6676
:10CEB0006C79352D73745C6C69627261726965732B
:10CEC0005C7A665F636F6D6D6F6E5C7A665F636FD1
:10CED0006D6D6F6E5F66756E6374696F6E2E630045
:10CEE000443A5C435954344242375C666C79352D80
:10CEF00073745C6C69627261726965735C7A665F97
:10CF00006465766963655C7A665F646576696365A6
:10CF10005F696D7536363072612E6300443A5C434A
:10CF20005954344242375C666C79352D73745C6CAD
:10CF300069627261726965735C7A665F646576695D
:10CF400063655C7A665F6465766963655F706D775B
:10CF5000333930312E630000443A5C435954344233
:10CF600042375C666C79352D73745C6C69627261F2
:10CF7000726965735C7A665F6465766963655C7A1D
:10CF8000665F6465766963655F7466743138302EF8
:10CF900063000000443A5C435954344242375C66B3
:10CFA0006C79352D73745C6C69627261726965733A
:10CFB0005C7A665F6472697665725C7A665F6472D9
:10CFC000697665725F736F66745F6969632E63006B
:10CFD000443A5C435954344242375C666C79352D8F
:10CFE00073745C6C69627261726965735C7A665FA6
:10CFF000636F6D6D6F6E5C7A665F636F6D6D6F6E84
:10D000005F6669666F2E6300443A5C43595434424C
:10D0100042375C666C79352D73745C6C6962726141
:10D02000726965735C7A665F6472697665725C7A50
:10D03000665F6472697665725F70776D2E6300005B
:10D04000443A5C435954344242375C666C79352D1E
:10D0500073745C6C69627261726965735C7A665F35
:10D060006472697665725C7A665F6472697665720D
:10D070005F7370692E630000443A5C435954344234
:10D0800042375C666C79352D73745C6C69627261D1
:10D09000726965735C7A665F6472697665725C7AE0
:10D0A000665F6472697665725F756172742E630083
:10D0B00030B4002512E050F8042BD30744BF4A4493
:10D0C000521E091F042942F8045BFAD213468C074A
:10D0D00044BF15809B1CC90748BF1D7050F8041B36
:10D0E0000029E8D130BC704710B5074979441831A0
:10D0F000064C7C44163404E00A68081D1144884735
:10D100000146A142F8D110BD500000006C000000A3
:10D110000000803F00000000000000000000000050
:10D120000000803F00000000000000000000000040
:10D130000000803F4EF68851CEF20001086840F4AE
:10D1400070000860BFF34F8FBFF36F8F4FF0017017
:10D15000E1EE100A7047000059FFFFFF940A00003B
:10D16000B008022800000000C75DFFFFB002000009
:10D17000D401000000000228504D573339303120CF
:10D1800073656C6620636865636B206661696C65B6
:10D190006421212100000000504D573339303120E7
:10D1A000696E697420636F6E666967206661696C79
:10D1B000656421212100000004207146084202D04C
:10D1C000EFF3098001E0EFF3088000B501498847DB
:10D1D00000BD0000AD9A0810000000000000000033
:10D1E000801C800803D0401C801EFCD100BF70470B
:10D1F000EFF3108072B6704780F31088704700001C
:10D2000000F00EF8002801D0FFF76EFFAFF30080AA
:10D210000020AFF30080FCF79DFC00F003F8000055
:10D220000020704700F000B807463846F6F7CEF900
:10D23000FBE700000D0A66696C65202573206C69A8
:10D240006E652025643A2025732E0D0A000000002B
:10D25000696D7536363072612073656C662063685F
:10D2600065636B206572726F722E00000420714638
:10D27000084201D0EFF30980EFF3088000B50149BF
:10D28000884700BD2B9008100548014603B4684646
:10D2900080F30988AFF30080FFF74CFFFFF7B0FF82
:10D2A000A5EDF5FE00000228FFFF07280000002082
:10D2B000FF3F002000000000FF3F000000127A0046
:10D2C000000000000024F400008000000080000046
:10D2D000008000000D0A66696C65202573206C696A
:10D2E0006E652025642E0D0A00000000696D7536FC
:10D2F0003630726120696E6974206572726F722EA9
:10D300000000000066696C653A206D646B2F257320
:10D3100000000000417373657274206572726F7251
:10D320000000000066696C653A202573000000006B
:10D330006C696E653A202564000000004C6F672020
:10D340006D657373616765000301000010110010C3
:10D3500000000000000000000000000000000000CD
:10D3600000000000000000000000000000000000BD
:10D3700000000000000000000000000000000000AD
:10D38000000000000000000000000000000000009D
:10D39000000000000000000000000000000000008D
:10D3A000000000000000000000000000000000007D
:10D3B000000000000000000000000000000000006D
:10D3C000000000000000000000000000000000005D
:10D3D000000000000000000000000000000000004D
:10D3E000FFF7FEBFFFF7E8BEFFF7E6BEFFF7E4BEBC
:10D3F000FFF7FEBFFFF7FEBFFFF7FEBFFFF7FEBF61
:10D40000FFF7FEBFFFF7FEBFFFF7FEBFFFF7FEBF50
:10D41000FFF7FEBFFFF7FEBFFFF7FEBFF006FF32CC
:10D420000000000DCB081004F1FF04F1FF04F1FF30
:10D4300004F1FF04F1FF04F17704900B04000228CB
:10D44000CDCCCC3D6F12033B0001F10310A002CD07
:10D45000CC4C3E14F10510B001803F0001F10310E7
:10D46000F133242101F1356C126411320115600889
:10D4700080453333834115B5081004100400009033
:10D480004000100410022090404D10100739B808D9
:10D490001031B90810C90412D30412DD0412E704D4
:10D4A00012F10412FB04100305BA08100F0412193C
:10D4B00004122304122D04123704100500006740E3
:10D4C00000006804126904100166404514125704F4
:10D4D000127104128304128D04100331BB08103B37
:10D4E0000410010000602412650412640412630435
:10D4F00043624040126688000BA000800000F8FFE5
:10D50000FF7701010106000000000000000000009C
:10D51000000000000000000000000000000000000B
:10D5200000000000000000000000000000000000FB
:10D5300000000000000000000000000000000000EB
:10D5400000000000000000000000000000000000DB
:10D5500000000000000000000000000000000000CB
:10D5600000000000000000000000000000000000BB
:10D5700000000000000000000000000000000000AB
:10D58000000000000000000000000000000000009B
:10D59000000000000000000000000000000000008B
:10D5A000000000000000000000000000000000007B
:10D5B000000000000000000000000000000000006B
:10D5C000000000000000000000000000000000005B
:02D5D000000059
:040000051008D28984
:00000001FF
